vwap_distance_pct,vwap_band_1,vwap_band_2,vwap_band_3,vwap_above,vwap_below,vwap_at,vwap_band_score,at_poc,at_lvn,above_vah,below_val,at_swing_high,at_swing_low,htf_total_score,at_prev_day_vah,at_prev_day_val,at_prev_day_poc,at_prev_day_high,at_prev_day_low,at_weekly_hvn,at_daily_hvn,at_prev_week_high,at_prev_week_low,weekly_hvn_count,at_daily_bullish_fvg,at_daily_bearish_fvg,at_weekly_bullish_fvg,at_weekly_bearish_fvg,adx,plus_di,minus_di,trend_strength,trend_bullish,trend_bearish,regime_ranging,regime_trending,regime_strong,di_spread,hour,day_of_week,day_of_month,session_tokyo,session_london,session_ny,session_sydney,is_session_open,is_session_close,is_overlap,week_of_year,had_dca,dca_count,had_hedge,hedge_count,had_grid,grid_count,had_partial_close,partial_close_count,total_recovery_volume,recovery_cost,partial_profit_contribution,atr_14,atr_percentile,recent_range_pips,momentum_20_pct,distance_from_high_pct,distance_from_low_pct,distance_to_swing_pct,htf_aligned,htf_factors_count,signal_conviction,trades_last_hour,trades_today,win_streak,minutes_since_last_trade,open_position_count,spread_pips,spread_percentile,spread_vs_avg_pct,slippage_pips,risk_percent,position_vs_avg,account_drawdown,daily_volume_used,margin_level_pct,confluence_score,direction_sell,direction_buy,target
-0.5036813364971682,0,0,1,0,1,0,0,0,0,0,1,0,1,16,1,0,1,0,1,1,1,0,1,5,0,1,1,0,30.76379387905766,9.497931922868766,28.018228568166247,18.52029664529748,0,1,0,0,1,-18.52029664529748,13,4,16,0,0,1,0,1,0,1,3,1,8,1,2,1,2,0,0,0.5,0.0,0.0,0.001016428571428569,0.78,42.9999999999997,-0.08184222541933427,-0.2664620054499704,0.10434272705321768,999.0,0,0,2,0,0,0,1479.7666666666667,0,0.2999999999997449,0.52,29.310344827643963,0.0,4.0411796203311745,0.5089285714285714,0.0,0.0,999.0,3,1,0,0
-0.012509169664867101,1,0,0,0,1,0,1,1,0,0,0,1,0,4,1,0,0,1,0,0,0,0,0,5,1,1,0,0,16.067900337761266,23.59038755648755,14.915889272837845,8.674498283649704,1,0,1,0,0,8.674498283649704,14,0,19,0,0,1,0,1,0,1,4,1,2,1,1,0,0,0,0,0.16999999999999998,0.0,0.0,0.0013492857142856879,0.34,48.09999999999981,0.5653144046602998,-0.052874196647328245,0.30532986796344924,999.0,0,0,4,0,0,0,4387.95,1,0.40000000000040004,0.18,-0.4975124377147644,0.0,8.063784535677208,1.0265486725663715,0.004031892267846396,0.0,9236.964618249534,7,0,1,0
-0.013587164205245536,1,0,0,0,1,0,1,1,0,0,0,1,0,4,1,0,0,1,0,0,0,0,0,5,0,1,1,0,23.102085844980106,25.5383490637362,14.187323307336008,11.35102575640019,1,0,0,1,0,11.35102575640019,14,0,19,0,0,1,0,1,0,1,4,0,0,0,0,0,0,0,0,0.0,0.0,0.0,0.0010607142857143037,0.4,36.300000000000225,0.5352302353286472,-0.04896234194612075,0.262850467289725,999.0,0,0,4,1,1,0,0.4,1,0.20000000000131024,0.12,-27.007299269587946,0.0,8.063784535677208,1.026086956521739,0.012095676803516267,0.04,9238.454376163874,7,0,1,1
-0.01350874819489579,1,0,0,0,1,0,1,1,0,0,0,1,0,4,1,0,0,1,0,0,0,0,0,5,0,1,1,0,24.696937078502614,24.697513936926878,13.55019104285519,11.147322894071689,1,0,0,1,0,11.147322894071689,18,0,19,0,0,1,0,0,0,0,4,1,1,1,1,0,0,0,0,0.11,0.0,0.0,0.0008528571428571789,0.24,23.600000000001398,0.23585311687640648,-0.03520945330883169,0.16745959500542038,999.0,0,0,4,0,2,1,241.68333333333334,4,0.2999999999997449,0.0,-40.000000000001776,0.0,8.39824476684373,1.0256410256410255,1.2156459300006341,0.08,2809.7939683487607,7,0,1,1
-0.049916125319244685,1,0,0,0,1,0,1,1,0,0,0,1,0,6,1,0,0,1,0,0,1,0,0,5,1,1,0,0,16.161195448506753,18.37472733345249,21.436076821260652,3.0613494878081617,0,1,1,0,0,-3.0613494878081617,19,0,19,0,0,1,0,0,0,0,4,1,2,1,2,0,0,0,0,0.22999999999999998,0.0,0.0,0.0011078571428571366,0.18,29.700000000001392,0.26740364505526715,-0.009677011143464335,0.21140547421076186,999.0,0,0,4,1,3,1,52.05,8,0.4999999999988347,0.0,-90.51593323219244,0.0,8.39824476684373,1.0252100840336134,1.8434147263222047,0.12,972.662020181005,7,0,1,1
0.3345069134466683,0,1,0,1,0,0,1,1,0,0,0,1,0,4,0,0,0,1,0,0,0,1,0,5,1,1,0,0,20.51564051660018,34.31151521062983,14.762200783259779,19.54931442737005,1,0,0,1,0,19.54931442737005,6,1,20,1,0,0,0,0,1,0,4,0,0,0,0,0,0,0,0,0.0,0.0,0.0,0.0015171428571428519,0.68,81.49999999999879,0.4083518383284348,-0.14251569899496158,0.46243375246804214,999.0,0,0,4,0,0,3,706.2666666666667,1,0.20000000000131024,0.34,-16.666666666111553,0.0,8.528330046372796,1.024793388429752,0.13645328074197394,0.0,17427.272727272728,4,1,0,1
0.24474792243129018,0,1,0,1,0,0,1,1,0,0,0,1,0,4,0,0,0,1,0,0,0,1,0,5,1,1,0,0,21.81522398055439,27.956899320422885,16.2893189012884,11.667580419134485,1,0,0,1,0,11.667580419134485,8,1,20,0,1,0,0,1,0,0,4,0,0,0,0,0,0,0,0,0.0,0.0,0.0,0.001757142857142854,0.78,72.09999999999938,0.2591580342714105,-0.14623247251646246,0.3889635309574821,999.0,0,0,4,0,1,4,81.5,1,0.1999999999990898,0.0,-24.242424242704598,0.0,8.48086504823492,1.0243902439024388,0.06148627159970751,0.04,17544.237918215615,5,1,0,1
0.11625244916073213,1,0,0,1,0,0,1,1,0,0,0,1,0,4,0,0,0,1,0,0,1,0,0,5,1,1,0,0,20.59359390300403,24.87202291461761,22.633377070508754,2.2386458441088557,1,0,0,1,0,2.2386458441088557,9,1,20,0,1,0,0,0,0,0,4,0,0,0,0,0,0,0,0,0.0,0.0,0.0,0.0018057142857142994,0.8,68.69999999999932,0.11019365790825081,-0.3189946834219359,0.1918429564635481,999.0,0,0,4,0,2,5,91.85,1,0.1999999999990898,0.0,-4.761904762357916,0.0,8.136448236933372,1.024,0.04068224118466455,0.08,18268.2156133829,7,1,0,1
0.16628034704448477,1,0,0,1,0,0,1,1,0,0,0,1,0,4,0,0,0,1,0,0,1,0,0,5,1,1,0,0,20.162499896744734,25.976220876497948,19.374008494725906,6.602212381772041,1,0,0,1,0,6.602212381772041,10,1,20,0,1,0,0,0,0,0,4,0,0,0,0,0,0,0,0,0.0,0.0,0.0,0.0020021428571428573,0.98,66.10000000000005,0.1921530074180018,-0.29512998357085196,0.19625772207230133,999.0,0,0,4,0,3,6,74.68333333333334,4,0.1999999999990898,0.0,-5.329070518200751e-10,0.0,8.136448236933372,1.0236220472440944,0.37732778698778885,0.12,2798.6285714285714,7,1,0,1
0.1851675864209032,1,0,0,1,0,0,1,1,0,0,0,1,0,4,0,0,0,1,0,0,0,1,0,5,1,1,0,0,20.97983132482056,24.99354017279358,14.068595727771902,10.924944445021678,1,0,0,1,0,10.924944445021678,14,1,20,0,0,1,0,1,0,1,4,0,0,0,0,0,0,0,0,0.0,0.0,0.0,0.002281428571428577,0.98,52.00000000000094,0.23838257423383036,-0.2645699252367015,0.12188052735623937,999.0,0,0,4,0,4,7,234.5,2,0.40000000000040004,0.4,-1.9607843135013958,0.0,7.915854467015623,1.0232558139534884,0.22164392507643838,0.16,9422.046511627907,7,1,0,1
0.1851675864209032,1,0,0,1,0,0,1,1,0,0,0,1,0,4,0,0,0,1,0,0,0,1,0,5,1,1,0,0,20.97983132482056,24.99354017279358,14.068595727771902,10.924944445021678,1,0,0,1,0,10.924944445021678,14,1,20,0,0,1,0,1,0,1,4,0,0,0,0,0,0,0,0,0.0,0.0,0.0,0.002281428571428577,0.98,52.00000000000094,0.23838257423383036,-0.2645699252367015,0.12188052735623937,999.0,0,0,4,0,4,7,0.0,2,0.40000000000040004,0.38,-2.439024390035194,0.0,7.915854467015623,1.0229007633587786,0.22164392507643838,0.2,9422.046511627907,7,1,0,1
-0.02148993940402345,1,0,0,0,1,0,1,1,0,0,0,1,0,6,1,0,0,1,0,0,1,0,0,5,1,1,0,0,19.063160954885568,21.840018124209692,22.83116594587639,0.9911478216666971,0,1,1,0,0,-0.9911478216666971,16,1,20,0,0,1,0,0,0,1,4,0,0,0,0,0,0,0,0,0.0,0.0,0.0,0.002397142857142844,0.98,58.80000000000108,0.07303513138870943,-0.35124013067323934,0.08632172702986657,999.0,0,0,4,0,6,9,91.91666666666667,2,2.0999999999982144,1.0,424.99999999932004,0.0,7.900220218638594,1.0225563909774436,0.16590462459140556,0.24000000000000002,4702.093023255814,9,1,0,1
-0.02148993940402345,1,0,0,0,1,0,1,1,0,0,0,1,0,6,1,0,0,1,0,0,1,0,0,5,1,1,0,0,19.063160954885568,21.840018124209692,22.83116594587639,0.9911478216666971,0,1,1,0,0,-0.9911478216666971,16,1,20,0,0,1,0,0,0,1,4,0,0,0,0,0,0,0,0,0.0,0.0,0.0,0.002397142857142844,0.98,58.80000000000108,0.07303513138870943,-0.35124013067323934,0.08632172702986657,999.0,0,0,4,0,6,9,0.0,2,2.0999999999982144,1.0,424.99999999932004,0.0,7.900220218638594,1.0222222222222221,0.16590462459140556,0.28,4702.093023255814,9,1,0,1
0.08283254045583253,1,0,0,1,0,0,1,1,0,0,0,1,0,6,1,0,0,1,0,0,1,0,0,5,1,1,0,0,16.871319588228015,22.638491680682474,21.47164164486252,1.1668500358199552,1,0,1,0,0,1.1668500358199552,18,1,20,0,0,1,0,0,0,0,4,1,2,1,1,0,0,0,0,0.16999999999999998,0.0,0.0,0.002055714285714256,0.84,53.59999999999809,0.1393100057362972,-0.32154340836011963,0.07740859830891463,999.0,0,0,4,0,8,10,117.48333333333333,0,0.5000000000010552,0.0,-76.19047619042081,0.0,9.509432168031665,1.021897810218978,0.0,0.32,999.0,9,1,0,0
0.08283254045583253,1,0,0,1,0,0,1,1,0,0,0,1,0,6,1,0,0,1,0,0,1,0,0,5,1,1,0,0,16.871319588228015,22.638491680682474,21.47164164486252,1.1668500358199552,1,0,1,0,0,1.1668500358199552,18,1,20,0,0,1,0,0,0,0,4,1,2,1,1,0,0,0,0,0.16999999999999998,0.0,0.0,0.002055714285714256,0.84,53.59999999999809,0.1393100057362972,-0.32154340836011963,0.07740859830891463,999.0,0,0,4,0,8,10,0.0,0,0.40000000000040004,0.0,-80.9523809523582,0.0,9.509432168031665,1.0215827338129497,0.0,0.36,999.0,9,1,0,0
0.06027914637784681,1,0,0,1,0,0,1,1,0,0,0,1,0,8,1,0,1,0,1,0,1,0,0,5,1,1,0,0,16.279009207332148,23.32834556071545,19.641936154749978,3.686409405965474,1,0,1,0,0,3.686409405965474,19,1,20,0,0,1,0,0,0,0,4,1,1,1,1,0,0,0,0,0.11,0.0,0.0,0.002089999999999973,0.86,53.59999999999809,0.03349585023633641,-0.3648711036978498,0.03425320565326112,999.0,0,0,4,2,10,10,42.13333333333333,2,0.4999999999988347,0.0,-94.65926084171315,0.0,9.493295360151892,1.021276595744681,0.12341283968197028,0.39999999999999997,7848.7441860465115,9,1,0,0
0.06027914637784681,1,0,0,1,0,0,1,1,0,0,0,1,0,8,1,0,1,0,1,0,1,0,0,5,1,1,0,0,16.279009207332148,23.32834556071545,19.641936154749978,3.686409405965474,1,0,1,0,0,3.686409405965474,19,1,20,0,0,1,0,0,0,0,4,1,1,1,1,0,0,0,0,0.11,0.0,0.0,0.002089999999999973,0.86,53.59999999999809,0.03349585023633641,-0.3648711036978498,0.03425320565326112,999.0,0,0,4,2,10,10,0.0,2,0.4999999999988347,0.0,-94.65926084171315,0.0,9.493295360151892,1.020979020979021,0.12341283968197028,0.43999999999999995,7848.7441860465115,9,1,0,0
0.06948948223570793,1,0,0,1,0,0,1,1,0,0,0,1,0,8,1,0,1,0,1,0,1,0,0,5,1,1,0,0,15.72900671078599,22.885189718146794,19.268809018764983,3.6163806993818106,1,0,1,0,0,3.6163806993818106,20,1,20,0,0,1,0,0,0,0,4,0,0,0,0,0,0,0,0,0.0,0.0,0.0,0.0019807142857142562,0.76,52.49999999999755,-0.005951938099849714,-0.27752976190476275,0.11309523809521903,999.0,0,0,4,0,12,0,100.23333333333333,8,0.4999999999988347,0.48,10.619469026229144,0.0,9.493295360151892,1.0206896551724138,1.4097543609825556,0.4799999999999999,1188.2437070938215,11,1,0,1
0.06948948223570793,1,0,0,1,0,0,1,1,0,0,0,1,0,8,1,0,1,0,1,0,1,0,0,5,1,1,0,0,15.72900671078599,22.885189718146794,19.268809018764983,3.6163806993818106,1,0,1,0,0,3.6163806993818106,20,1,20,0,0,1,0,0,0,0,4,0,0,0,0,0,0,0,0,0.0,0.0,0.0,0.0019807142857142562,0.76,52.49999999999755,-0.005951938099849714,-0.27752976190476275,0.11309523809521903,999.0,0,0,4,0,12,0,0.0,8,0.40000000000040004,0.12,-11.504424778721933,0.0,9.493295360151892,1.0204081632653061,1.428740951702869,0.5199999999999999,1188.0148741418764,11,1,0,1
0.07109730690833597,1,0,0,1,0,0,1,1,0,0,0,1,0,8,1,0,1,0,1,0,1,0,0,5,1,1,0,0,14.045843520963173,23.575410143684785,21.938706736295913,1.6367034073888718,1,0,1,0,0,1.6367034073888718,0,2,21,1,0,0,0,1,0,0,4,0,0,0,0,0,0,0,0,0.0,0.0,0.0,0.0015671428571427987,0.42,32.89999999999793,-0.27600943774206066,-0.14585395256769645,0.09897232495664056,999.0,0,0,4,0,0,2,212.91666666666666,4,0.4999999999988347,0.56,12.612612612389595,0.0,9.360556953138712,1.0201342281879195,0.03042181009769975,0.0,2271.884134998671,11,1,0,1
0.07109730690833597,1,0,0,1,0,0,1,1,0,0,0,1,0,8,1,0,1,0,1,0,1,0,0,5,1,1,0,0,14.045843520963173,23.575410143684785,21.938706736295913,1.6367034073888718,1,0,1,0,0,1.6367034073888718,0,2,21,1,0,0,0,1,0,0,4,0,0,0,0,0,0,0,0,0.0,0.0,0.0,0.0015671428571427987,0.42,32.89999999999793,-0.27600943774206066,-0.14585395256769645,0.09897232495664056,999.0,0,0,4,0,0,2,0.0,4,0.4999999999988347,0.56,12.612612612389595,0.0,9.360556953138712,1.0198675496688743,0.03042181009769975,0.04,2271.884134998671,11,1,0,1
0.048008038507674225,1,0,0,1,0,0,1,1,0,0,0,1,0,8,1,0,1,0,1,0,1,0,0,5,1,1,0,0,13.276256004465209,22.709555034920353,21.270689316728866,1.4388657181914866,1,0,1,0,0,1.4388657181914866,1,2,21,1,0,0,0,1,0,0,4,0,0,0,0,0,0,0,0,0.0,0.0,0.0,0.0014635714285713894,0.4,31.999999999998696,-0.27533284847044665,-0.1510810106798628,0.08707624753469231,999.0,0,0,4,0,2,4,69.65,4,0.40000000000040004,0.24,-11.504424778539345,0.0,9.360556953138712,1.019607843137255,0.22699350611362015,0.08,2276.34865798565,11,1,0,1
0.048008038507674225,1,0,0,1,0,0,1,1,0,0,0,1,0,8,1,0,1,0,1,0,1,0,0,5,1,1,0,0,13.276256004465209,22.709555034920353,21.270689316728866,1.4388657181914866,1,0,1,0,0,1.4388657181914866,1,2,21,1,0,0,0,1,0,0,4,0,0,0,0,0,0,0,0,0.0,0.0,0.0,0.0014635714285713894,0.4,31.999999999998696,-0.27533284847044665,-0.1510810106798628,0.08707624753469231,999.0,0,0,4,1,3,4,0.016666666666666666,4,0.40000000000040004,0.24,-11.504424778539345,0.0,9.360556953138712,1.0193548387096774,0.22699350611362015,0.12,2276.34865798565,11,1,0,1
0.08416986745811264,1,0,0,1,0,0,1,1,0,0,0,1,0,8,1,0,1,0,1,0,1,0,0,5,1,1,0,0,12.147574890016447,23.33245770769708,17.979285770470725,5.353171937226357,1,0,1,0,0,5.353171937226357,4,2,21,1,0,0,0,0,0,0,4,1,2,1,1,0,0,0,0,0.16999999999999998,0.0,0.0,0.00125785714285712,0.22,29.399999999999427,-0.024543162498043346,-0.1652449644946713,0.05359296145771604,999.0,0,0,4,0,4,6,194.51666666666668,5,0.20000000000131024,0.32,-20.634920634375177,0.0,9.221476819512645,1.0191082802547773,3.20561587938309,0.16,1586.0938883968113,11,1,0,1
0.08416986745811264,1,0,0,1,0,0,1,1,0,0,0,1,0,8,1,0,1,0,1,0,1,0,0,5,1,1,0,0,12.147574890016447,23.33245770769708,17.979285770470725,5.353171937226357,1,0,1,0,0,5.353171937226357,4,2,21,1,0,0,0,0,0,0,4,1,2,1,1,0,0,0,0,0.16999999999999998,0.0,0.0,0.00125785714285712,0.22,29.399999999999427,-0.024543162498043346,-0.1652449644946713,0.05359296145771604,999.0,0,0,4,0,4,6,0.0,5,0.20000000000131024,0.32,-20.634920634375177,0.0,9.221476819512645,1.0188679245283019,3.20561587938309,0.2,1586.0938883968113,11,1,0,1
0.42165311983096776,0,1,0,1,0,0,1,0,0,1,0,1,0,6,1,0,0,0,0,0,1,1,0,5,1,1,1,1,35.77835485337622,20.826636211120526,19.13690286772396,1.689733343396565,1,0,0,0,1,1.689733343396565,7,2,21,1,0,0,0,1,0,0,4,0,0,0,0,0,0,0,0,0.0,0.0,0.0,0.0009842857142857233,0.24,32.80000000000172,-0.17054805617852986,-0.24004783871518698,0.040150350247752646,999.0,0,0,2,0,6,8,154.93333333333334,4,0.2999999999997449,0.36,11.940298507450331,0.0,8.59854469631015,1.0186335403726707,1.032900181644258,0.24000000000000002,3275.6314478833156,9,1,0,1
0.42165311983096776,0,1,0,1,0,0,1,0,0,1,0,1,0,6,1,0,0,0,0,0,1,1,0,5,1,1,1,1,35.77835485337622,20.826636211120526,19.13690286772396,1.689733343396565,1,0,0,0,1,1.689733343396565,7,2,21,1,0,0,0,1,0,0,4,0,0,0,0,0,0,0,0,0.0,0.0,0.0,0.0009842857142857233,0.24,32.80000000000172,-0.17054805617852986,-0.24004783871518698,0.040150350247752646,999.0,0,0,2,1,7,8,0.016666666666666666,4,0.2999999999997449,0.36,11.940298507450331,0.0,8.59854469631015,1.0184049079754602,1.0243016369479436,0.28,3275.916044112416,9,1,0,1
-0.16038404930892497,1,0,0,0,1,0,1,1,0,0,1,1,0,8,0,1,1,0,1,0,1,0,0,5,1,1,0,0,12.810827568390883,19.2149986651067,24.08646127210485,4.871462606998147,0,1,1,0,0,-4.871462606998147,8,2,21,0,1,0,0,1,0,0,4,1,1,0,0,0,0,0,0,0.05,0.0,0.0,0.0014028571428571343,0.48,52.99999999999861,-0.44324003266760936,-0.3625404687663079,0.032822593880077876,999.0,0,0,4,2,8,10,46.81666666666667,4,0.1999999999990898,0.0,-16.666666667113837,0.0,8.555509213213984,1.0181818181818183,2.62761076710835,0.32,3239.0608324439704,12,0,1,1
-0.16038404930892497,1,0,0,0,1,0,1,1,0,0,1,1,0,8,0,1,1,0,1,0,1,0,0,5,1,1,0,0,12.810827568390883,19.2149986651067,24.08646127210485,4.871462606998147,0,1,1,0,0,-4.871462606998147,8,2,21,0,1,0,0,1,0,0,4,1,1,0,0,0,0,0,0,0.05,0.0,0.0,0.0014028571428571343,0.48,52.99999999999861,-0.44324003266760936,-0.3625404687663079,0.032822593880077876,999.0,0,0,4,3,9,10,0.016666666666666666,4,0.1999999999990898,0.0,-17.35537190127384,0.0,8.555509213213984,1.0179640718562875,2.62761076710835,0.36,3239.0608324439704,12,0,1,1
0.15129504933749496,1,0,0,1,0,0,1,1,0,0,0,1,0,8,0,1,1,0,1,0,1,0,0,5,1,1,0,0,13.01219728934445,25.342428759178965,16.27082293865037,9.071605820528596,1,0,1,0,0,9.071605820528596,11,2,21,0,1,0,0,0,0,0,4,0,0,0,0,0,0,0,0,0.0,0.0,0.0,0.0017992857142857016,0.7,55.49999999999944,0.17277330950253947,-0.22493166397295034,0.18843612908991467,999.0,0,0,4,0,10,10,183.58333333333334,8,0.20000000000131024,0.58,6.439293542825908e-10,0.0,8.575226171590277,1.017751479289941,2.6229473052351664,0.39999999999999997,1125.852026273392,11,0,1,1
0.15129504933749496,1,0,0,1,0,0,1,1,0,0,0,1,0,8,0,1,1,0,1,0,1,0,0,5,1,1,0,0,13.01219728934445,25.342428759178965,16.27082293865037,9.071605820528596,1,0,1,0,0,9.071605820528596,11,2,21,0,1,0,0,0,0,0,4,0,0,0,0,0,0,0,0,0.0,0.0,0.0,0.0017992857142857016,0.7,55.49999999999944,0.17277330950253947,-0.22493166397295034,0.18843612908991467,999.0,0,0,4,0,10,10,0.0,8,0.20000000000131024,0.58,6.439293542825908e-10,0.0,8.575226171590277,1.0175438596491229,2.6229473052351664,0.43999999999999995,1125.852026273392,11,0,1,1
0.15129504933749496,1,0,0,1,0,0,1,1,0,0,0,1,0,8,1,0,1,0,1,0,1,0,0,5,1,1,0,0,13.01219728934445,25.342428759178965,16.27082293865037,9.071605820528596,1,0,1,0,0,9.071605820528596,11,2,21,0,1,0,0,0,0,0,4,0,0,0,0,0,0,0,0,0.0,0.0,0.0,0.0017992857142857016,0.7,55.49999999999944,0.17277330950253947,-0.1242578014553833,0.28869477224362594,999.0,0,0,4,2,12,10,26.016666666666666,8,0.20000000000131024,0.64,7.105427357601002e-10,0.0,8.575226171590277,1.017341040462428,2.950949706298501,0.4799999999999999,1122.0597347874582,11,0,1,1
0.15129504933749496,1,0,0,1,0,0,1,1,0,0,0,1,0,8,1,0,1,0,1,0,1,0,0,5,1,1,0,0,13.01219728934445,25.342428759178965,16.27082293865037,9.071605820528596,1,0,1,0,0,9.071605820528596,11,2,21,0,1,0,0,0,0,0,4,0,0,0,0,0,0,0,0,0.0,0.0,0.0,0.0017992857142857016,0.7,55.49999999999944,0.17277330950253947,-0.1242578014553833,0.28869477224362594,999.0,0,0,4,2,12,10,0.0,8,0.20000000000131024,0.64,7.105427357601002e-10,0.0,8.575226171590277,1.0171428571428573,2.950949706298501,0.5199999999999999,1122.0597347874582,11,0,1,1
0.15129504933749496,1,0,0,1,0,0,1,1,0,0,0,1,0,6,1,0,0,1,0,0,0,1,0,5,1,1,0,0,13.01219728934445,25.342428759178965,16.27082293865037,9.071605820528596,1,0,1,0,0,9.071605820528596,11,2,21,0,1,0,0,0,0,0,4,1,2,1,1,0,0,0,0,0.16999999999999998,0.0,0.0,0.0017992857142857016,0.7,55.49999999999944,0.17277330950253947,-0.014121564372029822,0.3983767633374482,999.0,0,0,4,4,14,10,12.016666666666667,8,0.1999999999990898,0.0,-5.995204332975845e-10,0.0,8.575226171590277,1.016949152542373,3.394717660678296,0.5599999999999999,1116.9289874829594,11,0,1,0
0.15129504933749496,1,0,0,1,0,0,1,1,0,0,0,1,0,6,1,0,0,1,0,0,0,1,0,5,1,1,0,0,13.01219728934445,25.342428759178965,16.27082293865037,9.071605820528596,1,0,1,0,0,9.071605820528596,11,2,21,0,1,0,0,0,0,0,4,1,2,1,1,0,0,0,0,0.16999999999999998,0.0,0.0,0.0017992857142857016,0.7,55.49999999999944,0.17277330950253947,-0.014121564372029822,0.3983767633374482,999.0,0,0,4,4,14,10,0.0,8,0.1999999999990898,0.0,-5.995204332975845e-10,0.0,8.575226171590277,1.016759776536313,3.2403635895896654,0.6,1118.713595241046,11,0,1,0
-0.024706425311558047,1,0,0,0,1,0,1,1,0,0,0,1,0,8,0,1,1,0,1,0,1,0,0,5,1,1,0,0,14.37108403294855,20.08088516104251,15.384396507763952,4.696488653278557,1,0,1,0,0,4.696488653278557,14,2,21,0,0,1,0,1,0,1,4,1,2,0,0,0,0,0,0,0.11,0.0,0.0,0.0020357142857142835,0.8,58.499999999999105,-0.08333953419154935,-0.2853694155515155,0.1505081512830381,999.0,0,0,4,0,16,10,182.13333333333333,6,0.3999999999981796,0.0,-4.996003610813204e-10,0.0,7.786342754808066,1.0165745856353592,1.784045783695402,0.64,1253.552795031056,11,0,1,1
-0.024706425311558047,1,0,0,0,1,0,1,1,0,0,0,1,0,8,0,1,1,0,1,0,1,0,0,5,1,1,0,0,14.37108403294855,20.08088516104251,15.384396507763952,4.696488653278557,1,0,1,0,0,4.696488653278557,14,2,21,0,0,1,0,1,0,1,4,1,2,0,0,0,0,0,0,0.11,0.0,0.0,0.0020357142857142835,0.8,58.499999999999105,-0.08333953419154935,-0.2853694155515155,0.1505081512830381,999.0,0,0,4,0,16,10,0.0,6,0.40000000000040004,0.12,5.551115123125783e-11,0.0,7.786342754808066,1.0163934426229508,1.8132445690259391,0.68,1253.1801242236024,11,0,1,1
0.34494212851432215,1,0,0,1,0,0,1,0,0,1,0,1,0,6,1,0,0,0,0,0,1,1,0,5,1,1,1,1,27.776216219742583,21.33287429689168,22.673853668378165,1.3409793714864833,0,1,0,0,1,-1.3409793714864833,14,2,21,0,0,1,0,1,0,1,4,1,2,1,2,0,0,0,0,0.22999999999999998,0.0,0.0,0.0014678571428571794,0.7,48.50000000000243,-0.15272255686570485,-0.38468114207558307,0.029919644383661525,999.0,0,0,2,2,18,0,1.0,6,0.0,0.0,-100.0,0.0,7.786342754808066,1.0162162162162163,1.784045783695402,0.7200000000000001,1253.552795031056,9,1,0,1
0.34494212851432215,1,0,0,1,0,0,1,0,0,1,0,1,0,6,1,0,0,0,0,0,1,1,0,5,1,1,1,1,27.776216219742583,21.33287429689168,22.673853668378165,1.3409793714864833,0,1,0,0,1,-1.3409793714864833,14,2,21,0,0,1,0,1,0,1,4,1,2,1,2,0,0,0,0,0.22999999999999998,0.0,0.0,0.0014678571428571794,0.7,48.50000000000243,-0.15272255686570485,-0.38468114207558307,0.029919644383661525,999.0,0,0,2,2,18,0,0.0,6,0.1999999999990898,0.06,-25.37313432875392,0.0,7.786342754808066,1.0160427807486632,1.784045783695402,0.7600000000000001,1253.552795031056,9,1,0,1
-0.04547575161283605,1,0,0,0,1,0,1,1,0,0,0,1,0,8,0,1,1,0,1,0,1,0,0,5,1,1,0,0,13.38546925057764,17.85307070861184,17.283696508461784,0.5693742001500546,1,0,1,0,0,0.5693742001500546,16,2,21,0,0,1,0,0,0,1,4,1,2,1,1,0,0,0,0,0.16999999999999998,0.0,0.0,0.0021607142857142936,0.86,58.499999999999105,-0.1316689975302801,-0.2704273198641175,0.16538530305738489,999.0,0,0,4,0,20,2,131.3,2,1.80000000000069,1.0,349.99999999982236,0.0,7.562508862315073,1.015873015873016,0.4159379874273376,0.8000000000000002,4945.297951582868,11,0,1,1
-0.04547575161283605,1,0,0,0,1,0,1,1,0,0,0,1,0,8,0,1,1,0,1,0,1,0,0,5,1,1,0,0,13.38546925057764,17.85307070861184,17.283696508461784,0.5693742001500546,1,0,1,0,0,0.5693742001500546,16,2,21,0,0,1,0,0,0,1,4,1,2,1,1,0,0,0,0,0.16999999999999998,0.0,0.0,0.0021607142857142936,0.86,58.499999999999105,-0.1316689975302801,-0.2704273198641175,0.16538530305738489,999.0,0,0,4,0,20,2,0.0,2,1.80000000000069,1.0,349.99999999977246,0.0,7.562508862315073,1.0157068062827226,0.4159379874273376,0.8400000000000002,4945.297951582868,11,0,1,1
-0.05099145917846876,1,0,0,0,1,0,1,1,0,0,0,1,0,8,0,1,1,0,1,0,1,0,0,5,1,1,0,0,12.545110825333715,16.972024904159433,16.43074921761486,0.5412756865445729,1,0,1,0,0,0.5412756865445729,17,2,21,0,0,1,0,0,0,0,4,1,1,1,1,0,0,0,0,0.11,0.0,0.0,0.0022000000000000275,0.86,58.499999999999105,-0.20739947815614046,-0.25324941342965607,0.18248854791255917,999.0,0,0,4,2,22,4,54.1,0,2.7999999999983594,1.0,579.6116504848351,0.0,10.262330831890194,1.0155440414507775,0.0,0.8800000000000002,999.0,11,0,1,0
-0.05099145917846876,1,0,0,0,1,0,1,1,0,0,0,1,0,8,0,1,1,0,1,0,1,0,0,5,1,1,0,0,12.545110825333715,16.972024904159433,16.43074921761486,0.5412756865445729,1,0,1,0,0,0.5412756865445729,17,2,21,0,0,1,0,0,0,0,4,1,1,1,1,0,0,0,0,0.11,0.0,0.0,0.0022000000000000275,0.86,58.499999999999105,-0.20739947815614046,-0.25324941342965607,0.18248854791255917,999.0,0,0,4,2,22,4,0.0,0,2.7999999999983594,1.0,579.6116504848351,0.0,10.262330831890194,1.0153846153846156,0.0,0.9200000000000003,999.0,11,0,1,0
-0.028917221951847125,1,0,0,0,1,0,1,1,0,0,0,1,0,8,1,0,1,1,0,0,1,0,0,5,1,1,0,0,11.373867194564886,17.330443598865322,17.20018677085187,0.13025682801345084,1,0,1,0,0,0.13025682801345084,19,2,21,0,0,1,0,0,0,0,4,1,1,1,1,0,0,0,0,0.11,0.0,0.0,0.0021364285714285786,0.82,50.299999999998676,-0.09746588693956537,-0.13614855816444946,0.23807398148973824,999.0,0,0,4,0,24,6,69.65,0,0.4999999999988347,0.0,-96.47936910295135,0.0,10.262330831890194,1.0152284263959392,0.0,0.9600000000000003,999.0,11,0,1,0
-0.028917221951847125,1,0,0,0,1,0,1,1,0,0,0,1,0,8,1,0,1,1,0,0,1,0,0,5,1,1,0,0,11.373867194564886,17.330443598865322,17.20018677085187,0.13025682801345084,1,0,1,0,0,0.13025682801345084,19,2,21,0,0,1,0,0,0,0,4,1,1,1,1,0,0,0,0,0.11,0.0,0.0,0.0021364285714285786,0.82,50.299999999998676,-0.09746588693956537,-0.13614855816444946,0.23807398148973824,999.0,0,0,4,0,24,6,0.0,0,0.4999999999988347,0.0,-96.47936910295135,0.0,10.262330831890194,1.0150753768844223,0.0,1.0000000000000002,999.0,11,0,1,0
-0.028917221951847125,1,0,0,0,1,0,1,1,0,0,0,1,0,8,1,0,1,1,0,0,1,0,0,5,1,1,0,0,11.373867194564886,17.330443598865322,17.20018677085187,0.13025682801345084,1,0,1,0,0,0.13025682801345084,19,2,21,0,0,1,0,0,0,0,4,1,1,1,1,0,0,0,0,0.11,0.0,0.0,0.0021364285714285786,0.82,50.299999999998676,-0.09746588693956537,-0.13614855816444946,0.23807398148973824,999.0,0,0,4,2,26,0,1.0333333333333334,0,0.5000000000010552,0.0,-96.10166848587974,0.0,10.262330831890194,1.0149253731343286,0.0,1.0400000000000003,999.0,11,0,1,0
-0.028917221951847125,1,0,0,0,1,0,1,1,0,0,0,1,0,8,1,0,1,1,0,0,1,0,0,5,1,1,0,0,11.373867194564886,17.330443598865322,17.20018677085187,0.13025682801345084,1,0,1,0,0,0.13025682801345084,19,2,21,0,0,1,0,0,0,0,4,1,1,1,1,0,0,0,0,0.11,0.0,0.0,0.0021364285714285786,0.82,50.299999999998676,-0.09746588693956537,-0.13614855816444946,0.23807398148973824,999.0,0,0,4,2,26,0,0.0,0,0.5000000000010552,0.0,-96.10166848587974,0.0,10.262330831890194,1.0147783251231528,0.0,1.0800000000000003,999.0,11,0,1,0
-0.028917221951847125,1,0,0,0,1,0,1,1,0,0,0,1,0,8,1,0,1,1,0,0,1,0,0,5,1,1,0,0,11.373867194564886,17.330443598865322,17.20018677085187,0.13025682801345084,1,0,1,0,0,0.13025682801345084,19,2,21,0,0,1,0,0,0,0,4,1,1,1,1,0,0,0,0,0.11,0.0,0.0,0.0021364285714285786,0.82,50.299999999998676,-0.09746588693956537,-0.13838359038457043,0.2358473018919786,999.0,0,0,4,4,28,0,1.0333333333333334,0,0.4999999999988347,0.0,-95.99743836056001,0.0,10.262330831890194,1.0146341463414634,0.0,1.1200000000000003,999.0,11,0,1,0
-0.028917221951847125,1,0,0,0,1,0,1,1,0,0,0,1,0,8,1,0,1,1,0,0,1,0,0,5,1,1,0,0,11.373867194564886,17.330443598865322,17.20018677085187,0.13025682801345084,1,0,1,0,0,0.13025682801345084,19,2,21,0,0,1,0,0,0,0,4,1,1,1,1,0,0,0,0,0.11,0.0,0.0,0.0021364285714285786,0.82,50.299999999998676,-0.09746588693956537,-0.13838359038457043,0.2358473018919786,999.0,0,0,4,4,28,0,0.0,0,0.4999999999988347,0.0,-95.99743836056001,0.0,10.262330831890194,1.0144927536231885,0.0,1.1600000000000004,999.0,11,0,1,0
-0.0033120854073248806,1,0,0,0,1,0,1,1,0,0,0,1,0,8,1,0,1,1,0,0,1,0,0,5,0,1,0,0,9.0997276781719,17.708986864351182,13.254003132562579,4.454983731788603,1,0,1,0,0,4.454983731788603,1,3,22,1,0,0,0,1,0,0,4,1,2,1,1,0,0,0,0,0.16999999999999998,0.0,0.0,0.0015042857142857358,0.3,30.399999999999316,0.16331217980744928,-0.05211202596668888,0.17420305823145085,999.0,0,0,4,0,0,0,412.1333333333333,8,0.40000000000040004,0.12,-13.419913419744889,0.0,10.248920660542936,1.0143540669856461,1.3810420590081716,0.0,955.4300608166812,11,0,1,1
-0.0033120854073248806,1,0,0,0,1,0,1,1,0,0,0,1,0,8,1,0,1,1,0,0,1,0,0,5,0,1,0,0,9.0997276781719,17.708986864351182,13.254003132562579,4.454983731788603,1,0,1,0,0,4.454983731788603,1,3,22,1,0,0,0,1,0,0,4,1,2,1,1,0,0,0,0,0.16999999999999998,0.0,0.0,0.0015042857142857358,0.3,30.399999999999316,0.16331217980744928,-0.05211202596668888,0.17420305823145085,999.0,0,0,4,0,0,0,0.0,8,0.40000000000040004,0.12,-13.419913419744889,0.0,10.248920660542936,1.014218009478673,1.3810420590081716,0.04,955.4300608166812,11,0,1,1
0.1903093219655182,1,0,0,1,0,0,1,0,0,0,0,1,0,10,1,0,1,0,1,0,1,1,0,5,1,1,1,1,23.583956446031074,17.515523075842662,23.72474556167472,6.209222485832058,0,1,0,1,0,-6.209222485832058,2,3,22,1,0,0,0,0,0,0,4,0,0,0,0,0,0,0,0,0.0,0.0,0.0,0.0012142857142857391,0.32,27.399999999999647,-0.16058905431840229,-0.05474436945606114,0.1796299622777071,999.0,0,0,2,2,2,0,10.4,8,0.40000000000040004,0.42,10.49723756916583,0.0,10.248920660542936,1.0140845070422535,0.6738665334307115,0.08,962.281246121385,12,1,0,1
0.1903093219655182,1,0,0,1,0,0,1,0,0,0,0,1,0,10,1,0,1,0,1,0,1,1,0,5,1,1,1,1,23.583956446031074,17.515523075842662,23.72474556167472,6.209222485832058,0,1,0,1,0,-6.209222485832058,2,3,22,1,0,0,0,0,0,0,4,0,0,0,0,0,0,0,0,0.0,0.0,0.0,0.0012142857142857391,0.32,27.399999999999647,-0.16058905431840229,-0.05474436945606114,0.1796299622777071,999.0,0,0,2,3,3,0,0.016666666666666666,8,0.40000000000040004,0.42,10.49723756916583,0.0,10.248920660542936,1.013953488372093,0.5816262474858215,0.12,963.1748789872161,12,1,0,1
-0.01072711662799134,1,0,0,0,1,0,1,1,0,0,0,1,0,8,1,0,1,1,0,0,1,0,0,5,0,1,0,0,8.278590674516371,18.727759716792175,15.32984021235279,3.3979195044393844,1,0,1,0,0,3.3979195044393844,4,3,22,1,0,0,0,0,0,0,4,1,2,1,1,0,0,0,0,0.16999999999999998,0.0,0.0,0.0012085714285714636,0.02,23.800000000000487,0.04543795484510122,-0.028282647851266537,0.1488560413224372,999.0,0,0,4,0,4,2,148.06666666666666,4,0.1999999999990898,0.0,-16.66666666712926,0.0,9.850760971285032,1.0138248847926268,0.21794808648967912,0.16,2452.2145224465203,11,0,1,1
-0.01072711662799134,1,0,0,0,1,0,1,1,0,0,0,1,0,8,1,0,1,1,0,0,1,0,0,5,0,1,0,0,8.278590674516371,18.727759716792175,15.32984021235279,3.3979195044393844,1,0,1,0,0,3.3979195044393844,4,3,22,1,0,0,0,0,0,0,4,1,2,1,1,0,0,0,0,0.16999999999999998,0.0,0.0,0.0012085714285714636,0.02,23.800000000000487,0.04543795484510122,-0.026049225593741673,0.15108550844366866,999.0,0,0,4,1,5,2,0.016666666666666666,4,0.1999999999990898,0.0,-15.96638655508441,0.0,9.850760971285032,1.0136986301369864,0.18839580357582286,0.2,2451.4914130762277,11,0,1,1
0.20720136246577364,1,0,0,1,0,0,1,0,0,0,0,1,0,10,1,0,1,0,1,0,1,1,0,5,1,1,1,1,21.9103666040507,18.104422864920046,21.23402754749936,3.1296046825793127,0,1,0,1,0,-3.1296046825793127,4,3,22,1,0,0,0,0,0,0,4,1,2,1,1,0,0,0,0,0.16999999999999998,0.0,0.0,0.001129999999999996,0.2,27.399999999999647,-0.37666388287626923,-0.07100814454863702,0.16340428444321542,999.0,0,0,2,2,6,4,1.0,4,0.2999999999997449,0.42,20.967741935389995,0.0,9.850760971285032,1.0135746606334841,0.08619415849874962,0.24000000000000002,2448.990659837301,12,1,0,1
0.20720136246577364,1,0,0,1,0,0,1,0,0,0,0,1,0,10,1,0,1,0,1,0,1,1,0,5,1,1,1,1,21.9103666040507,18.104422864920046,21.23402754749936,3.1296046825793127,0,1,0,1,0,-3.1296046825793127,4,3,22,1,0,0,0,0,0,0,4,1,2,1,1,0,0,0,0,0.16999999999999998,0.0,0.0,0.001129999999999996,0.2,27.399999999999647,-0.37666388287626923,-0.07100814454863702,0.16340428444321542,999.0,0,0,2,2,6,4,0.0,4,0.2999999999997449,0.4,19.99999999990052,0.0,9.850760971285032,1.0134529147982063,0.09235088410579717,0.28,2449.141307622778,12,1,0,1
0.220266948234434,1,0,0,1,0,0,1,0,0,0,0,1,0,10,1,0,1,0,1,0,1,1,0,5,1,1,1,1,19.817255530817086,17.48988934056356,19.130040908678346,1.640151568114785,0,1,1,0,0,-1.640151568114785,6,3,22,1,0,0,0,0,1,0,4,0,0,0,0,0,0,0,0,0.0,0.0,0.0,0.0010057142857142923,0.06,24.800000000000377,-0.2737856625015937,-0.024797981957340932,0.18726751891914273,999.0,0,0,2,2,10,8,1.0166666666666666,7,0.2999999999997449,0.28,7.142857142726866,0.0,9.762050030506407,1.0131004366812226,2.213544844417326,0.39999999999999997,884.6986089644513,12,1,0,1
0.220266948234434,1,0,0,1,0,0,1,0,0,0,0,1,0,10,1,0,1,0,1,0,1,1,0,5,1,1,1,1,19.817255530817086,17.48988934056356,19.130040908678346,1.640151568114785,0,1,1,0,0,-1.640151568114785,6,3,22,1,0,0,0,0,1,0,4,0,0,0,0,0,0,0,0,0.0,0.0,0.0,0.0010057142857142923,0.06,24.800000000000377,-0.2737856625015937,-0.024797981957340932,0.18726751891914273,999.0,0,0,2,2,10,8,0.0,7,0.2999999999997449,0.28,7.142857142726866,0.0,9.762050030506407,1.0129870129870129,2.50884685784014,0.43999999999999995,882.0269375138,12,1,0,1
-0.08732201527044876,1,0,0,0,1,0,1,1,0,0,0,1,0,8,1,0,1,1,0,0,1,0,0,5,0,1,0,0,10.681084010725847,17.14464038782119,26.805837540589255,9.661197152768064,0,1,1,0,0,-9.661197152768064,8,3,22,0,1,0,0,1,0,0,4,1,2,1,2,0,0,0,0,0.22999999999999998,0.0,0.0,0.0016049999999999834,0.38,51.59999999999832,-0.05287498417473979,-0.1533616729822853,0.2307869836141153,999.0,0,0,4,0,12,10,145.6,3,0.10000000000065512,0.12,-55.35714285685964,0.0,7.718952924035855,1.0128755364806867,0.9899557125075974,0.4799999999999999,19108.938547486032,11,0,1,1
-0.08732201527044876,1,0,0,0,1,0,1,1,0,0,0,1,0,8,1,0,1,1,0,0,1,0,0,5,0,1,0,0,10.681084010725847,17.14464038782119,26.805837540589255,9.661197152768064,0,1,1,0,0,-9.661197152768064,8,3,22,0,1,0,0,1,0,0,4,1,2,1,2,0,0,0,0,0.22999999999999998,0.0,0.0,0.0016049999999999834,0.38,51.59999999999832,-0.05287498417473979,-0.1533616729822853,0.2307869836141153,999.0,0,0,4,0,12,10,0.0,3,0.10000000000065512,0.08,-57.62711864380468,0.0,7.718952924035855,1.0127659574468086,0.9899557125075974,0.5199999999999999,19108.938547486032,11,0,1,1
0.31865840383081523,1,0,0,1,0,0,1,0,0,1,0,1,0,10,1,0,1,0,1,0,1,1,0,5,1,1,1,1,18.560728590683915,20.245833596139036,17.19710689403591,3.0487267021031244,1,0,1,0,0,3.0487267021031244,8,3,22,0,1,0,0,1,0,0,4,0,0,0,0,0,0,0,0,0.0,0.0,0.0,0.0010235714285714253,0.06,20.899999999999253,-0.005981218972427819,-0.010253868699202588,0.16833434447872128,999.0,0,0,2,2,14,10,0.4,3,0.0,0.0,-100.0,0.0,7.718952924035855,1.0126582278481013,0.9899557125075974,0.5599999999999999,19108.938547486032,13,1,0,1
0.31865840383081523,1,0,0,1,0,0,1,0,0,1,0,1,0,10,1,0,1,0,1,0,1,1,0,5,1,1,1,1,18.560728590683915,20.245833596139036,17.19710689403591,3.0487267021031244,1,0,1,0,0,3.0487267021031244,8,3,22,0,1,0,0,1,0,0,4,0,0,0,0,0,0,0,0,0.0,0.0,0.0,0.0010235714285714253,0.06,20.899999999999253,-0.005981218972427819,-0.010253868699202588,0.16833434447872128,999.0,0,0,2,3,15,10,0.016666666666666666,3,0.0,0.0,-100.0,0.0,7.718952924035855,1.01255230125523,0.9880259742765901,0.6,19109.310986964618,13,1,0,1
0.5736260162939298,0,1,0,1,0,0,1,0,1,1,0,1,0,6,1,0,0,1,0,0,0,1,0,5,0,0,1,1,21.64865359982495,30.026504908390923,12.267293008017612,17.75921190037331,1,0,0,1,0,17.75921190037331,12,3,22,0,1,0,0,0,1,0,4,1,3,1,2,0,0,0,0,0.27999999999999997,0.0,0.0,0.0010649999999999985,0.22,49.9000000000005,0.4021596830639371,-0.0955403146006082,0.3301259084860307,999.0,0,0,3,0,16,10,196.16666666666666,8,0.0,0.0,-100.0,0.0,7.8951523764408655,1.012448132780083,2.2994631296383976,0.64,2344.8128848886786,10,1,0,0
0.5736260162939298,0,1,0,1,0,0,1,0,1,1,0,1,0,6,1,0,0,1,0,0,0,1,0,5,0,0,1,1,21.64865359982495,30.026504908390923,12.267293008017612,17.75921190037331,1,0,0,1,0,17.75921190037331,12,3,22,0,1,0,0,0,1,0,4,1,2,1,1,0,0,0,0,0.16999999999999998,0.0,0.0,0.0010649999999999985,0.22,49.9000000000005,0.4021596830639371,-0.09468646836533147,0.33097612365541845,999.0,0,0,3,1,17,10,0.016666666666666666,8,0.0,0.0,-100.0,0.0,7.8951523764408655,1.0123456790123457,2.2994631296383976,0.68,2344.8128848886786,10,1,0,0
0.7451375129064042,0,1,0,1,0,0,1,0,1,1,0,1,0,6,1,0,0,1,0,0,1,0,0,5,1,0,0,1,30.12266250963549,29.58920309354444,12.970857358473165,16.618345735071276,1,0,0,0,1,16.618345735071276,19,3,22,0,0,1,0,0,0,0,4,1,2,1,1,0,0,0,0,0.16999999999999998,0.0,0.0,0.0011992857142857044,0.44,53.19999999999992,0.5663444263837856,-0.07150335810413544,0.38135124322208086,999.0,0,0,3,0,18,0,415.0833333333333,8,0.0,0.0,-100.0,0.0,8.530785472072342,1.0122448979591836,1.303077480859053,0.7200000000000001,2188.0851063829787,8,1,0,0
0.7451375129064042,0,1,0,1,0,0,1,0,1,1,0,1,0,6,1,0,0,1,0,0,1,0,0,5,1,0,0,1,30.12266250963549,29.58920309354444,12.970857358473165,16.618345735071276,1,0,0,0,1,16.618345735071276,19,3,22,0,0,1,0,0,0,0,4,1,2,1,1,0,0,0,0,0.16999999999999998,0.0,0.0,0.0011992857142857044,0.44,53.19999999999992,0.5663444263837856,-0.07150335810413544,0.38135124322208086,999.0,0,0,3,1,19,0,0.016666666666666666,8,0.0,0.0,-100.0,0.0,8.530785472072342,1.012145748987854,1.303077480859053,0.7600000000000001,2188.0851063829787,8,1,0,0
0.4426425080382578,0,1,0,1,0,0,1,0,0,1,0,1,0,8,1,0,0,1,0,0,1,1,0,5,1,1,0,0,14.692587267425477,24.639758916787077,20.106339017698172,4.533419899088905,1,0,1,0,0,4.533419899088905,23,3,22,0,0,0,1,0,0,0,4,0,0,0,0,0,0,0,0,0.0,0.0,0.0,0.0017728571428571474,0.46,35.00000000000058,0.4541562744295123,-0.10448623894001388,0.15487676552103413,999.0,0,0,2,0,20,0,254.66666666666666,4,0.09999999999843467,0.0,-33.3333333343202,0.0,10.05631536604988,1.0120481927710843,0.36956958970233994,0.8000000000000002,3163.4706814580036,10,1,0,1
0.4426425080382578,0,1,0,1,0,0,1,0,0,1,0,1,0,8,1,0,0,1,0,0,1,1,0,5,1,1,0,0,14.692587267425477,24.639758916787077,20.106339017698172,4.533419899088905,1,0,1,0,0,4.533419899088905,23,3,22,0,0,0,1,0,0,0,4,0,0,0,0,0,0,0,0,0.0,0.0,0.0,0.0017728571428571474,0.46,35.00000000000058,0.4541562744295123,-0.10448623894001388,0.15487676552103413,999.0,0,0,2,1,21,0,0.016666666666666666,4,0.10000000000065512,0.22,-35.89743589697969,0.0,10.05631536604988,1.0119521912350598,0.3632843925985502,0.8400000000000002,3163.272583201268,10,1,0,1
0.6353302047959631,0,1,0,1,0,0,1,0,1,1,0,1,0,6,1,0,0,1,0,0,1,0,0,5,1,0,0,1,29.85210090564078,26.127805261878663,16.441197013471808,9.686608248406856,1,0,0,0,1,9.686608248406856,0,4,23,1,0,0,0,1,0,0,4,0,0,0,0,0,0,0,0,0.0,0.0,0.0,0.001006428571428551,0.02,18.000000000000238,0.4688208471284662,-0.09874189209895044,0.05447828529596809,999.0,0,0,3,2,0,2,58.56666666666667,5,0.0,0.0,-100.0,0.0,10.063399416322834,1.0118577075098814,0.31699708161416695,0.0,3053.7186897880542,10,1,0,1
0.6353302047959631,0,1,0,1,0,0,1,0,1,1,0,1,0,6,1,0,0,1,0,0,1,0,0,5,1,0,0,1,29.85210090564078,26.127805261878663,16.441197013471808,9.686608248406856,1,0,0,0,1,9.686608248406856,0,4,23,1,0,0,0,1,0,0,4,0,0,0,0,0,0,0,0,0.0,0.0,0.0,0.001006428571428551,0.02,18.000000000000238,0.4688208471284662,-0.1004460485545949,0.05277673737615044,999.0,0,0,3,3,1,2,0.016666666666666666,5,0.0,0.0,-100.0,0.0,10.063399416322834,1.011764705882353,0.31699708161416695,0.04,3053.7186897880542,10,1,0,1
1.3754124921639648,0,1,0,1,0,0,1,0,0,1,0,1,0,16,1,0,1,1,0,1,1,1,0,5,1,0,1,0,27.58297101567558,24.592316181376532,18.991550273777076,5.600765907599456,1,0,0,0,1,5.600765907599456,4,1,27,1,0,0,0,0,0,0,5,1,1,1,1,0,0,0,0,0.11,0.0,0.0,0.0012949999999999826,0.08,31.999999999998696,0.15307654559704595,-0.13740681186960105,0.09647712322759741,999.0,0,0,2,0,0,4,5984.866666666667,3,0.10000000000065512,0.28,-10.71428571361307,0.0,11.707545513083181,1.0116731517509727,0.15658842123747824,0.0,8336.05359317905,14,1,0,1
1.3754124921639648,0,1,0,1,0,0,1,0,0,1,0,1,0,16,1,0,1,1,0,1,1,1,0,5,1,0,1,0,27.58297101567558,24.592316181376532,18.991550273777076,5.600765907599456,1,0,0,0,1,5.600765907599456,4,1,27,1,0,0,0,0,0,0,5,1,2,1,1,0,0,0,0,0.16999999999999998,0.0,0.0,0.0012949999999999826,0.08,31.999999999998696,0.15307654559704595,-0.13740681186960105,0.09647712322759741,999.0,0,0,2,1,1,4,0.016666666666666666,3,0.1999999999990898,0.92,85.18518518465214,0.0,11.707545513083181,1.0115830115830116,0.143417432535255,0.04,8334.957369062118,14,1,0,0
