time,open,high,low,close,volume
2020-01-01,0.70137,0.70195,0.70014,0.70019,0
2020-01-02,0.70019,0.70062,0.69623,0.69646,0
2020-01-03,0.69647,0.69666,0.69299,0.69456,0
2020-01-05,0.69416,0.69556,0.69322,0.69444,0
2020-01-06,0.69448,0.69574,0.6925,0.6927,0
2020-01-07,0.6927,0.6931,0.68496,0.68692,0
2020-01-08,0.68692,0.68851,0.68487,0.68718,0
2020-01-09,0.68718,0.68777,0.685,0.68719,0
2020-01-10,0.68719,0.69109,0.68698,0.68981,0
2020-01-12,0.68967,0.69195,0.68932,0.69128,0
2020-01-13,0.69128,0.69184,0.68848,0.69005,0
2020-01-14,0.69005,0.69094,0.68903,0.68979,0
2020-01-15,0.68978,0.69188,0.68771,0.69056,0
2020-01-16,0.69056,0.69335,0.68834,0.68937,0
2020-01-17,0.68936,0.69108,0.687,0.68708,0
2020-01-19,0.68721,0.68842,0.6872,0.6883,0
2020-01-20,0.68829,0.68882,0.68527,0.68642,0
2020-01-21,0.68641,0.68755,0.68268,0.6838,0
2020-01-22,0.68381,0.68785,0.68317,0.68667,0
2020-01-23,0.68666,0.68768,0.6829,0.68463,0
2020-01-24,0.68463,0.6857,0.68172,0.6819,0
2020-01-26,0.68119,0.68184,0.68007,0.68059,0
2020-01-27,0.68059,0.68066,0.67469,0.67605,0
2020-01-28,0.67605,0.67769,0.67367,0.67731,0
2020-01-29,0.67731,0.67741,0.67309,0.67373,0
2020-01-30,0.67372,0.67395,0.66997,0.67221,0
2020-01-31,0.6722,0.67237,0.66825,0.6685,0
2020-02-02,0.66834,0.67051,0.66832,0.66948,0
2020-02-03,0.66948,0.67245,0.66784,0.67178,0
2020-02-04,0.67178,0.67448,0.67052,0.6737,0
2020-02-05,0.6737,0.67738,0.67344,0.67588,0
2020-02-06,0.67589,0.6761,0.67117,0.67164,0
2020-02-07,0.67165,0.67237,0.66619,0.66707,0
2020-02-09,0.66647,0.67058,0.66647,0.66968,0
2020-02-10,0.6697,0.67102,0.66717,0.67085,0
2020-02-11,0.67084,0.67372,0.66989,0.67266,0
2020-02-12,0.67266,0.67498,0.67065,0.67176,0
2020-02-13,0.67175,0.67449,0.67094,0.67162,0
2020-02-14,0.67163,0.67292,0.67089,0.67105,0
2020-02-16,0.67197,0.67291,0.67144,0.67241,0
2020-02-17,0.67241,0.6733,0.66839,0.66915,0
2020-02-18,0.66916,0.6701,0.66733,0.66949,0
2020-02-19,0.6695,0.67072,0.663,0.66482,0
2020-02-20,0.66482,0.66544,0.65914,0.66034,0
2020-02-21,0.66036,0.66385,0.65855,0.66241,0
2020-02-23,0.65839,0.66192,0.65838,0.66097,0
2020-02-24,0.66097,0.66221,0.65862,0.66128,0
2020-02-25,0.66128,0.66192,0.6586,0.65938,0
2020-02-26,0.65938,0.65954,0.65419,0.65527,0
2020-02-27,0.65527,0.65918,0.65229,0.65237,0
2020-02-28,0.65237,0.65453,0.64335,0.65056,0
2020-03-01,0.64668,0.65462,0.64623,0.65208,0
2020-03-02,0.65206,0.65677,0.65093,0.6549,0
2020-03-03,0.65494,0.66453,0.65395,0.65937,0
2020-03-04,0.65936,0.66291,0.65905,0.66189,0
2020-03-05,0.66189,0.66364,0.65835,0.65996,0
2020-03-06,0.65997,0.6657,0.65935,0.66387,0
2020-03-08,0.66057,0.6625,0.6307,0.65309,0
2020-03-09,0.65307,0.66846,0.65218,0.6566,0
2020-03-10,0.65664,0.65804,0.6462,0.65096,0
2020-03-11,0.65097,0.65393,0.64508,0.64564,0
2020-03-12,0.64564,0.64629,0.62114,0.63041,0
2020-03-13,0.63041,0.63224,0.61224,0.61835,0
2020-03-15,0.61473,0.63027,0.60946,0.61746,0
2020-03-16,0.61746,0.61845,0.60786,0.61198,0
2020-03-17,0.61198,0.61226,0.59585,0.60161,0
2020-03-18,0.6016,0.60283,0.55068,0.55688,0
2020-03-19,0.55688,0.59639,0.55603,0.58521,0
2020-03-20,0.5852,0.5985,0.57458,0.57978,0
2020-03-22,0.58034,0.58244,0.56993,0.57608,0
2020-03-23,0.57609,0.59446,0.5722,0.59117,0
2020-03-24,0.59116,0.60091,0.58643,0.60053,0
2020-03-25,0.60053,0.6073,0.58698,0.59315,0
2020-03-26,0.59313,0.61256,0.59055,0.61022,0
2020-03-27,0.61023,0.61998,0.60222,0.61572,0
2020-03-29,0.61497,0.61835,0.61124,0.61366,0
2020-03-30,0.61367,0.62013,0.60745,0.61738,0
2020-03-31,0.61735,0.62131,0.60812,0.61221,0
2020-04-01,0.61221,0.61848,0.60384,0.6082,0
2020-04-02,0.60821,0.61186,0.60065,0.60663,0
2020-04-03,0.60663,0.6075,0.59797,0.59867,0
2020-04-05,0.6011,0.6049,0.59845,0.60171,0
2020-04-06,0.6017,0.61281,0.60055,0.61125,0
2020-04-07,0.61125,0.62078,0.61065,0.61271,0
2020-04-08,0.61271,0.62498,0.61152,0.62364,0
2020-04-09,0.62364,0.6363,0.61948,0.63376,0
2020-04-10,0.63376,0.63673,0.6335,0.63409,0
2020-04-12,0.63458,0.63574,0.63255,0.63358,0
2020-04-13,0.63356,0.64319,0.6331,0.6427,0
2020-04-14,0.6427,0.64443,0.6374,0.64086,0
2020-04-15,0.64086,0.64099,0.62686,0.62765,0
2020-04-16,0.62765,0.63848,0.62639,0.63565,0
2020-04-17,0.63563,0.63778,0.63139,0.63598,0
2020-04-19,0.63622,0.63665,0.63358,0.63424,0
2020-04-20,0.63424,0.6397,0.62829,0.63036,0
2020-04-21,0.63035,0.63525,0.6253,0.63045,0
2020-04-22,0.63045,0.6351,0.62825,0.62999,0
2020-04-23,0.62999,0.64061,0.62987,0.63585,0
2020-04-24,0.63585,0.63981,0.63368,0.63892,0
2020-04-26,0.63807,0.64383,0.63806,0.64339,0
2020-04-27,0.64339,0.64712,0.64337,0.64427,0
2020-04-28,0.64426,0.65343,0.64359,0.65343,0
2020-04-29,0.65343,0.65592,0.65054,0.65552,0
2020-04-30,0.6555,0.65695,0.64552,0.64651,0
2020-05-01,0.64651,0.64713,0.64097,0.64149,0
2020-05-03,0.6412,0.64125,0.63723,0.64008,0
2020-05-04,0.64008,0.64538,0.63768,0.64476,0
2020-05-05,0.64475,0.64756,0.64165,0.64292,0
2020-05-06,0.6429,0.64525,0.63779,0.64164,0
2020-05-07,0.64163,0.65476,0.64113,0.65331,0
2020-05-08,0.65333,0.65447,0.65046,0.65301,0
2020-05-10,0.65309,0.65611,0.65137,0.65546,0
2020-05-11,0.65545,0.65574,0.64318,0.64563,0
2020-05-12,0.64563,0.6536,0.64505,0.64698,0
2020-05-13,0.64698,0.6524,0.642,0.64359,0
2020-05-14,0.6436,0.64732,0.64031,0.64554,0
2020-05-15,0.64554,0.64725,0.64017,0.64126,0
2020-05-17,0.6419,0.64523,0.64098,0.64413,0
2020-05-18,0.64414,0.65514,0.64246,0.65172,0
2020-05-19,0.65173,0.65847,0.65109,0.65483,0
2020-05-20,0.65483,0.66157,0.65273,0.65594,0
2020-05-21,0.65594,0.6598,0.65321,0.65421,0
2020-05-22,0.65421,0.65444,0.65056,0.65334,0
2020-05-24,0.65315,0.65498,0.65217,0.65337,0
2020-05-25,0.65339,0.6575,0.65194,0.65727,0
2020-05-26,0.65727,0.66749,0.65679,0.66451,0
2020-05-27,0.66452,0.668,0.65672,0.66003,0
2020-05-28,0.66003,0.66671,0.65877,0.66428,0
2020-05-29,0.66431,0.66829,0.66181,0.6665,0
2020-05-31,0.6657,0.6742,0.66479,0.6719,0
2020-06-01,0.67191,0.6813,0.67141,0.67886,0
2020-06-02,0.67884,0.69829,0.67808,0.6941,0
2020-06-03,0.6941,0.6957,0.6856,0.68978,0
2020-06-04,0.6898,0.69871,0.68819,0.6951,0
2020-06-05,0.69511,0.70125,0.69488,0.69668,0
2020-06-07,0.69646,0.70029,0.69645,0.69726,0
2020-06-08,0.69726,0.70424,0.69614,0.69962,0
2020-06-09,0.69961,0.69998,0.6898,0.69706,0
2020-06-10,0.69706,0.70637,0.69296,0.69325,0
2020-06-11,0.69326,0.6962,0.67992,0.68348,0
2020-06-12,0.68347,0.69114,0.68104,0.68638,0
2020-06-14,0.6841,0.68452,0.68068,0.68305,0
2020-06-15,0.6831,0.69762,0.67761,0.69553,0
2020-06-16,0.69553,0.69608,0.68333,0.68656,0
2020-06-17,0.68655,0.69223,0.68369,0.68721,0
2020-06-18,0.68721,0.69019,0.68357,0.68629,0
2020-06-19,0.68629,0.69111,0.68292,0.68336,0
2020-06-21,0.68098,0.68601,0.68097,0.68566,0
2020-06-22,0.68568,0.69347,0.68526,0.69127,0
2020-06-23,0.69123,0.69743,0.68928,0.69401,0
2020-06-24,0.69402,0.69476,0.68501,0.68624,0
2020-06-25,0.68627,0.68949,0.68469,0.68883,0
2020-06-26,0.68882,0.68949,0.68401,0.68641,0
2020-06-28,0.68566,0.68863,0.68452,0.68732,0
2020-06-29,0.68738,0.68905,0.68414,0.6881,0
2020-06-30,0.68811,0.69166,0.68322,0.6897,0
2020-07-01,0.68976,0.69432,0.68766,0.69177,0
2020-07-02,0.69176,0.69519,0.69012,0.69299,0
2020-07-03,0.69298,0.69472,0.69229,0.6934,0
2020-07-05,0.69285,0.69679,0.69282,0.69642,0
2020-07-06,0.69642,0.69972,0.69503,0.69651,0
2020-07-07,0.6965,0.69772,0.69217,0.69421,0
2020-07-08,0.69421,0.69945,0.69269,0.69864,0
2020-07-09,0.69863,0.70007,0.69346,0.69434,0
2020-07-10,0.69433,0.69689,0.69233,0.69479,0
2020-07-12,0.69486,0.69735,0.69396,0.69694,0
2020-07-13,0.69696,0.69927,0.6926,0.69393,0
2020-07-14,0.69394,0.70179,0.69209,0.69915,0
2020-07-15,0.69915,0.70373,0.69824,0.69915,0
2020-07-16,0.69915,0.70124,0.69628,0.6988,0
2020-07-17,0.6988,0.70046,0.69732,0.69936,0
2020-07-19,0.69849,0.70036,0.69725,0.69819,0
2020-07-20,0.69824,0.70345,0.69798,0.70225,0
2020-07-21,0.70224,0.71465,0.70152,0.71378,0
2020-07-22,0.71377,0.71827,0.71114,0.71443,0
2020-07-23,0.71442,0.71615,0.70898,0.70959,0
2020-07-24,0.70958,0.71061,0.70637,0.7104,0
2020-07-26,0.70873,0.71458,0.70864,0.7137,0
2020-07-27,0.71373,0.71765,0.71189,0.71349,0
2020-07-28,0.71349,0.71739,0.71125,0.71669,0
2020-07-29,0.71671,0.71966,0.71569,0.71794,0
2020-07-30,0.71791,0.72237,0.71202,0.72064,0
2020-07-31,0.72064,0.72268,0.71329,0.71418,0
2020-08-02,0.71292,0.71494,0.71178,0.7135,0
2020-08-03,0.71349,0.7146,0.70759,0.71247,0
2020-08-04,0.7125,0.719,0.71149,0.71881,0
2020-08-05,0.71881,0.72409,0.71734,0.71974,0
2020-08-06,0.71972,0.72429,0.71737,0.71989,0
2020-08-07,0.7199,0.72222,0.71443,0.71558,0
2020-08-09,0.71597,0.71721,0.71469,0.71641,0
2020-08-10,0.71641,0.71837,0.71397,0.71797,0
2020-08-11,0.71797,0.71894,0.71108,0.71197,0
2020-08-12,0.71197,0.71875,0.71093,0.71686,0
2020-08-13,0.7169,0.71816,0.71316,0.71434,0
2020-08-14,0.71432,0.71749,0.71369,0.71697,0
2020-08-16,0.71646,0.7196,0.71627,0.71832,0
2020-08-17,0.7183,0.72299,0.71704,0.72186,0
2020-08-18,0.72185,0.72642,0.72148,0.72358,0
2020-08-19,0.72357,0.72753,0.71651,0.71834,0
2020-08-20,0.71834,0.72155,0.71353,0.71981,0
2020-08-21,0.71981,0.72068,0.71391,0.71598,0
2020-08-23,0.71658,0.71777,0.71414,0.7167,0
2020-08-24,0.7167,0.72037,0.71536,0.71725,0
2020-08-25,0.71726,0.72067,0.71498,0.71896,0
2020-08-26,0.71897,0.72502,0.71868,0.72355,0
2020-08-27,0.72353,0.72907,0.72163,0.72882,0
2020-08-28,0.72882,0.73663,0.72843,0.73639,0
2020-08-30,0.73582,0.73807,0.73458,0.7366,0
2020-08-31,0.7366,0.74132,0.73397,0.74041,0
2020-09-01,0.74042,0.74132,0.7336,0.73514,0
2020-09-02,0.73517,0.73658,0.7301,0.73169,0
2020-09-03,0.73172,0.73211,0.7251,0.72703,0
2020-09-04,0.72704,0.72983,0.72218,0.72804,0
2020-09-06,0.7285,0.72978,0.72728,0.7286,0
2020-09-07,0.72859,0.72887,0.72697,0.72767,0
2020-09-08,0.7277,0.73085,0.71918,0.72191,0
2020-09-09,0.7219,0.72876,0.72054,0.72698,0
2020-09-10,0.72698,0.73241,0.72471,0.72748,0
2020-09-11,0.72749,0.73056,0.72583,0.72817,0
2020-09-13,0.72767,0.72887,0.72684,0.72804,0
2020-09-14,0.72804,0.7318,0.7264,0.73171,0
2020-09-15,0.7317,0.73422,0.72877,0.73166,0
2020-09-16,0.7317,0.73448,0.72614,0.72633,0
2020-09-17,0.72631,0.73337,0.72537,0.73224,0
2020-09-18,0.73223,0.73265,0.72821,0.72852,0
2020-09-20,0.72865,0.73186,0.72858,0.73171,0
2020-09-21,0.73172,0.73237,0.71911,0.72227,0
2020-09-22,0.72224,0.72342,0.71256,0.71282,0
2020-09-23,0.7128,0.71361,0.70472,0.70489,0
2020-09-24,0.70486,0.7072,0.70155,0.70587,0
2020-09-25,0.70586,0.70864,0.70052,0.70249,0
2020-09-27,0.70283,0.70598,0.70283,0.70566,0
2020-09-28,0.70566,0.7096,0.70359,0.70832,0
2020-09-29,0.70832,0.71493,0.70738,0.71136,0
2020-09-30,0.71137,0.71831,0.70999,0.71769,0
2020-10-01,0.71768,0.72086,0.71563,0.71587,0
2020-10-02,0.71585,0.71747,0.71304,0.71585,0
2020-10-04,0.71659,0.71913,0.71561,0.71795,0
2020-10-05,0.71794,0.72083,0.71622,0.71896,0
2020-10-06,0.71896,0.71937,0.70952,0.71163,0
2020-10-07,0.71165,0.71511,0.71158,0.71415,0
2020-10-08,0.71413,0.71864,0.71368,0.71804,0
2020-10-09,0.71803,0.72425,0.7172,0.72396,0
2020-10-11,0.72192,0.72335,0.72123,0.72279,0
2020-10-12,0.72282,0.72345,0.71647,0.71749,0
2020-10-13,0.71749,0.72026,0.71497,0.71695,0
2020-10-14,0.71696,0.71902,0.71237,0.71306,0
2020-10-15,0.71305,0.7138,0.70556,0.70764,0
2020-10-16,0.70764,0.7096,0.70702,0.70763,0
2020-10-18,0.70786,0.7108,0.707,0.70856,0
2020-10-19,0.70857,0.71143,0.70377,0.70477,0
2020-10-20,0.70477,0.70824,0.70204,0.70787,0
2020-10-21,0.70787,0.71364,0.70693,0.70899,0
2020-10-22,0.709,0.71389,0.70847,0.71132,0
2020-10-23,0.71131,0.71577,0.71007,0.71349,0
2020-10-25,0.71328,0.71415,0.71118,0.71149,0
2020-10-26,0.7115,0.7146,0.71024,0.71328,0
2020-10-27,0.7133,0.71466,0.71127,0.71433,0
2020-10-28,0.71434,0.71569,0.70378,0.70608,0
2020-10-29,0.7061,0.70756,0.7002,0.70428,0
2020-10-30,0.70428,0.70718,0.70111,0.7026,0
2020-11-01,0.70237,0.70249,0.69951,0.69995,0
2020-11-02,0.69994,0.70624,0.69904,0.70286,0
2020-11-03,0.70286,0.72216,0.70275,0.71047,0
2020-11-04,0.71045,0.71984,0.70589,0.71643,0
2020-11-05,0.71642,0.72889,0.71581,0.72601,0
2020-11-06,0.72601,0.7287,0.72386,0.72558,0
2020-11-08,0.72782,0.72976,0.72676,0.72905,0
2020-11-09,0.72906,0.73396,0.72663,0.72806,0
2020-11-10,0.72806,0.73178,0.72522,0.73077,0
2020-11-11,0.73078,0.73142,0.72597,0.72683,0
2020-11-12,0.72685,0.72819,0.72211,0.72286,0
2020-11-13,0.72286,0.72728,0.72272,0.72663,0
2020-11-15,0.72652,0.72977,0.72632,0.72894,0
2020-11-16,0.72894,0.73294,0.72802,0.73208,0
2020-11-17,0.73213,0.73394,0.72714,0.7294,0
2020-11-18,0.72942,0.73303,0.72835,0.72942,0
2020-11-19,0.72944,0.72969,0.7254,0.72937,0
2020-11-20,0.72937,0.73236,0.72809,0.73004,0
2020-11-22,0.73006,0.73275,0.72985,0.73123,0
2020-11-23,0.73121,0.73371,0.72649,0.7316,0
2020-11-24,0.7316,0.73732,0.73107,0.73541,0
2020-11-25,0.73542,0.7374,0.73246,0.73601,0
2020-11-26,0.73601,0.73759,0.73521,0.73742,0
2020-11-27,0.7374,0.73986,0.73635,0.73778,0
2020-11-29,0.73853,0.7407,0.73826,0.739,0
2020-11-30,0.73586,0.73711,0.73519,0.73676,0
2020-12-01,0.73678,0.73893,0.73413,0.73736,0
2020-12-02,0.73736,0.74195,0.73509,0.74085,0
2020-12-03,0.74086,0.74492,0.74059,0.74271,0
2020-12-04,0.74272,0.74435,0.74098,0.74229,0
2020-12-06,0.7431,0.7436,0.74237,0.74286,0
2020-12-07,0.74286,0.74532,0.7372,0.74243,0
2020-12-08,0.74243,0.74438,0.73989,0.74409,0
2020-12-09,0.74409,0.74847,0.74229,0.74766,0
2020-12-10,0.74763,0.75714,0.7455,0.7559,0
2020-12-11,0.7559,0.75681,0.75198,0.75305,0
2020-12-13,0.75489,0.75584,0.7524,0.75402,0
2020-12-14,0.75403,0.75777,0.75069,0.75088,0
2020-12-15,0.7509,0.75712,0.7509,0.75625,0
2020-12-16,0.75626,0.75923,0.75384,0.75864,0
2020-12-17,0.75865,0.76393,0.75859,0.75924,0
2020-12-18,0.75926,0.76244,0.75824,0.76193,0
2020-12-20,0.75851,0.76058,0.75644,0.75687,0
2020-12-21,0.75688,0.75987,0.74617,0.7556,0
2020-12-22,0.75561,0.75688,0.75165,0.75511,0
2020-12-23,0.7551,0.75959,0.7542,0.75808,0
2020-12-24,0.7581,0.76063,0.7576,0.75931,0
2020-12-25,0.75931,0.76066,0.75931,0.7604,0
2020-12-27,0.75998,0.76151,0.75838,0.76081,0
2020-12-28,0.7608,0.76221,0.75568,0.75938,0
2020-12-29,0.75939,0.76593,0.75908,0.76557,0
2020-12-30,0.76556,0.77081,0.76446,0.76997,0
2020-12-31,0.76997,0.77418,0.76894,0.76924,0
2021-01-03,0.77027,0.77209,0.76812,0.77022,0
2021-01-04,0.77023,0.77403,0.76419,0.76978,0
2021-01-05,0.76976,0.77787,0.76891,0.77643,0
2021-01-06,0.77644,0.78198,0.77617,0.77941,0
2021-01-07,0.77941,0.77947,0.77252,0.77655,0
2021-01-08,0.77655,0.77985,0.7728,0.77591,0
2021-01-10,0.7755,0.776,0.76925,0.76972,0
2021-01-11,0.76973,0.77219,0.76658,0.76914,0
2021-01-12,0.76914,0.7781,0.76876,0.776,0
2021-01-13,0.776,0.7779,0.77212,0.77502,0
2021-01-14,0.775,0.78051,0.77401,0.77658,0
2021-01-15,0.77659,0.77659,0.76811,0.7698,0
2021-01-17,0.77076,0.77102,0.76787,0.76845,0
2021-01-18,0.76845,0.77186,0.76585,0.77166,0
2021-01-19,0.7717,0.77248,0.76872,0.77203,0
2021-01-20,0.77206,0.77768,0.77203,0.77694,0
2021-01-21,0.77694,0.7782,0.77403,0.77444,0
2021-01-22,0.77446,0.7747,0.77016,0.77117,0
2021-01-24,0.77158,0.77412,0.77053,0.77367,0
2021-01-25,0.77367,0.7747,0.76824,0.7688,0
2021-01-26,0.7688,0.77635,0.76686,0.77353,0
2021-01-27,0.77349,0.77451,0.76208,0.76277,0
2021-01-28,0.76279,0.76975,0.75915,0.76455,0
2021-01-29,0.76454,0.77036,0.76309,0.76405,0
2021-01-31,0.76198,0.76535,0.76056,0.76511,0
2021-02-01,0.76511,0.76623,0.76119,0.76221,0
2021-02-02,0.76219,0.76376,0.75634,0.7612,0
2021-02-03,0.76122,0.76474,0.76013,0.76244,0
2021-02-04,0.76244,0.7637,0.75826,0.75923,0
2021-02-05,0.75922,0.7678,0.75905,0.76748,0
2021-02-07,0.76679,0.76813,0.76666,0.76714,0
2021-02-08,0.76714,0.77311,0.76508,0.77255,0
2021-02-09,0.77255,0.77426,0.77059,0.7739,0
2021-02-10,0.77389,0.77557,0.77124,0.77339,0
2021-02-11,0.77341,0.77712,0.77331,0.77435,0
2021-02-12,0.77437,0.77642,0.77177,0.77592,0
2021-02-14,0.77655,0.77849,0.77586,0.77804,0
2021-02-15,0.77802,0.78049,0.77676,0.7795,0
2021-02-16,0.77951,0.78008,0.77302,0.77519,0
2021-02-17,0.7752,0.77716,0.7724,0.77526,0
2021-02-18,0.77527,0.77893,0.77307,0.77683,0
2021-02-19,0.77681,0.78766,0.77672,0.78658,0
2021-02-21,0.78698,0.7908,0.78654,0.7876,0
2021-02-22,0.78761,0.79344,0.78549,0.79222,0
2021-02-23,0.7922,0.79448,0.788,0.79116,0
2021-02-24,0.79118,0.79778,0.78948,0.79652,0
2021-02-25,0.79653,0.80068,0.78193,0.78298,0
2021-02-26,0.78299,0.78451,0.76918,0.77034,0
2021-02-28,0.77107,0.77722,0.77067,0.77418,0
2021-03-01,0.7742,0.77864,0.77213,0.77541,0
2021-03-02,0.77541,0.78377,0.77353,0.78211,0
2021-03-03,0.78213,0.78379,0.7752,0.77923,0
2021-03-04,0.77928,0.78147,0.76872,0.77058,0
2021-03-05,0.77058,0.77262,0.76213,0.76815,0
2021-03-07,0.7691,0.7722,0.76854,0.77001,0
2021-03-08,0.77001,0.77138,0.76211,0.76604,0
2021-03-09,0.76604,0.77255,0.76433,0.76834,0
2021-03-10,0.76837,0.77488,0.76681,0.77457,0
2021-03-11,0.77455,0.78003,0.77364,0.77844,0
2021-03-12,0.77844,0.77858,0.77239,0.77576,0
2021-03-14,0.77497,0.77752,0.77437,0.77482,0
2021-03-15,0.77481,0.77593,0.77054,0.77517,0
2021-03-16,0.77516,0.77571,0.77101,0.77351,0
2021-03-17,0.77352,0.78356,0.76987,0.78267,0
2021-03-18,0.78269,0.78489,0.77238,0.77518,0
2021-03-19,0.77517,0.77719,0.77172,0.77369,0
2021-03-21,0.77041,0.77343,0.77023,0.77255,0
2021-03-22,0.77253,0.77561,0.76981,0.76997,0
2021-03-23,0.76997,0.77013,0.75935,0.76,0
2021-03-24,0.76,0.7628,0.75779,0.75974,0
2021-03-25,0.7597,0.76143,0.75627,0.76122,0
2021-03-26,0.76123,0.76439,0.7606,0.76371,0
2021-03-28,0.76315,0.76447,0.76203,0.76358,0
2021-03-29,0.76357,0.76635,0.76147,0.76561,0
2021-03-30,0.76561,0.76575,0.75844,0.76043,0
2021-03-31,0.76043,0.76361,0.75659,0.7571,0
2021-04-01,0.75709,0.76369,0.75315,0.76302,0
2021-04-02,0.76301,0.76336,0.75925,0.75976,0
2021-04-04,0.76027,0.76247,0.76019,0.76211,0
2021-04-05,0.76209,0.76604,0.7598,0.76327,0
2021-04-06,0.76329,0.76765,0.76053,0.76523,0
2021-04-07,0.76521,0.7663,0.76002,0.76188,0
2021-04-08,0.76186,0.76606,0.7618,0.76396,0
2021-04-09,0.76395,0.76407,0.75876,0.76168,0
2021-04-11,0.76135,0.76274,0.75945,0.76085,0
2021-04-12,0.76086,0.76351,0.75967,0.75989,0
2021-04-13,0.75988,0.76636,0.75846,0.76574,0
2021-04-14,0.76574,0.77448,0.76568,0.7712,0
2021-04-15,0.77119,0.77606,0.77051,0.77319,0
2021-04-16,0.77318,0.77588,0.77273,0.77327,0
2021-04-18,0.77269,0.7733,0.77056,0.77289,0
2021-04-19,0.77289,0.78005,0.77285,0.78004,0
2021-04-20,0.77999,0.78155,0.77088,0.77162,0
2021-04-21,0.77161,0.77642,0.76991,0.77533,0
2021-04-22,0.77534,0.77619,0.76902,0.77286,0
2021-04-23,0.77287,0.776,0.77247,0.77438,0
2021-04-25,0.77382,0.77804,0.77382,0.77737,0
2021-04-26,0.77735,0.78148,0.77647,0.77836,0
2021-04-27,0.77837,0.77995,0.77247,0.77408,0
2021-04-28,0.77408,0.78175,0.77313,0.77851,0
2021-04-29,0.77851,0.7802,0.77499,0.77798,0
2021-04-30,0.77802,0.77833,0.76955,0.77067,0
2021-05-02,0.77197,0.77326,0.77123,0.77243,0
2021-05-03,0.77243,0.77664,0.77058,0.77406,0
2021-05-04,0.77406,0.77546,0.76747,0.77343,0
2021-05-05,0.7734,0.77576,0.77006,0.77233,0
2021-05-06,0.77233,0.77917,0.7722,0.77763,0
2021-05-07,0.77762,0.78621,0.77606,0.78412,0
2021-05-09,0.78574,0.78621,0.78374,0.78444,0
2021-05-10,0.78441,0.78905,0.78213,0.78323,0
2021-05-11,0.78322,0.78563,0.77852,0.77864,0
2021-05-12,0.77864,0.78164,0.77171,0.77218,0
2021-05-13,0.77219,0.77411,0.76879,0.77215,0
2021-05-14,0.77213,0.7787,0.77209,0.77756,0
2021-05-16,0.77687,0.77833,0.77502,0.7751,0
2021-05-17,0.77509,0.77967,0.773,0.77955,0
2021-05-18,0.77956,0.78132,0.77782,0.77902,0
2021-05-19,0.77902,0.77943,0.77104,0.77388,0
2021-05-20,0.77387,0.77811,0.77339,0.77566,0
2021-05-21,0.77566,0.77823,0.77186,0.77254,0
2021-05-23,0.77278,0.77364,0.77132,0.7726,0
2021-05-24,0.77259,0.77607,0.77056,0.77571,0
2021-05-25,0.77567,0.77895,0.77326,0.77871,0
2021-05-26,0.77873,0.77955,0.77226,0.77405,0
2021-05-27,0.77404,0.77571,0.77273,0.7744,0
2021-05-28,0.77439,0.77467,0.76769,0.77078,0
2021-05-30,0.77084,0.77285,0.77001,0.77236,0
2021-05-31,0.77434,0.7768,0.7738,0.77631,0
2021-06-01,0.7763,0.77728,0.77304,0.77608,0
2021-06-02,0.7761,0.77612,0.77148,0.77442,0
2021-06-03,0.77441,0.77458,0.7645,0.76588,0
2021-06-04,0.76588,0.77448,0.76512,0.77383,0
2021-06-06,0.77322,0.77483,0.77222,0.77351,0
2021-06-07,0.77354,0.77653,0.77262,0.77463,0
2021-06-08,0.77462,0.77556,0.77312,0.77352,0
2021-06-09,0.77354,0.77618,0.77216,0.7735,0
2021-06-10,0.77352,0.77631,0.77169,0.77519,0
2021-06-11,0.77518,0.77753,0.76879,0.77019,0
2021-06-13,0.77036,0.77095,0.76934,0.77005,0
2021-06-14,0.77005,0.77255,0.76949,0.77061,0
2021-06-15,0.77061,0.77156,0.76737,0.76938,0
2021-06-16,0.76939,0.77152,0.75973,0.76263,0
2021-06-17,0.76263,0.76351,0.75392,0.75525,0
2021-06-18,0.75525,0.75525,0.74761,0.74762,0
2021-06-20,0.74834,0.75216,0.74796,0.74909,0
2021-06-21,0.74908,0.75457,0.74771,0.75153,0
2021-06-22,0.75153,0.7564,0.74936,0.75466,0
2021-06-23,0.75467,0.75986,0.75381,0.75739,0
2021-06-24,0.75737,0.75942,0.75651,0.75924,0
2021-06-25,0.75924,0.76162,0.75818,0.75895,0
2021-06-27,0.75738,0.7595,0.75735,0.75861,0
2021-06-28,0.75859,0.76013,0.75492,0.75547,0
2021-06-29,0.75548,0.75642,0.75071,0.75229,0
2021-06-30,0.75229,0.75267,0.74843,0.7491,0
2021-07-01,0.74911,0.75074,0.74599,0.7463,0
2021-07-02,0.7463,0.75326,0.74441,0.75218,0
2021-07-04,0.75204,0.75287,0.75085,0.75116,0
2021-07-05,0.75117,0.75687,0.75084,0.75673,0
2021-07-06,0.75674,0.75985,0.74803,0.74913,0
2021-07-07,0.74914,0.75335,0.74544,0.74635,0
2021-07-08,0.74634,0.74676,0.74093,0.74229,0
2021-07-09,0.74229,0.74937,0.74151,0.74904,0
2021-07-11,0.74779,0.74926,0.74683,0.74708,0
2021-07-12,0.74708,0.75026,0.74478,0.74943,0
2021-07-13,0.74947,0.74958,0.74258,0.74586,0
2021-07-14,0.74587,0.74871,0.74306,0.74616,0
2021-07-15,0.74615,0.74843,0.74099,0.74371,0
2021-07-16,0.74371,0.74423,0.73917,0.7393,0
2021-07-18,0.73991,0.74082,0.73722,0.73862,0
2021-07-19,0.73863,0.73888,0.73213,0.73233,0
2021-07-20,0.73235,0.734,0.72993,0.73127,0
2021-07-21,0.73128,0.73622,0.7289,0.73568,0
2021-07-22,0.73568,0.7399,0.73539,0.73756,0
2021-07-23,0.73757,0.73878,0.73565,0.73624,0
2021-07-25,0.73624,0.73721,0.73455,0.73483,0
2021-07-26,0.73485,0.73902,0.73301,0.73809,0
2021-07-27,0.73811,0.73844,0.73367,0.73589,0
2021-07-28,0.7359,0.73816,0.73164,0.73759,0
2021-07-29,0.73759,0.74131,0.73748,0.73874,0
2021-07-30,0.73875,0.74041,0.73306,0.73415,0
2021-08-01,0.73323,0.73494,0.73286,0.73414,0
2021-08-02,0.73415,0.73817,0.73364,0.73663,0
2021-08-03,0.73665,0.74106,0.73606,0.74037,0
2021-08-04,0.74037,0.74263,0.73696,0.73904,0
2021-08-05,0.73907,0.74155,0.73792,0.73879,0
2021-08-06,0.73878,0.74008,0.7346,0.73518,0
2021-08-08,0.7351,0.7357,0.73277,0.73541,0
2021-08-09,0.73541,0.73634,0.73155,0.7323,0
2021-08-10,0.7323,0.73556,0.73195,0.73395,0
2021-08-11,0.73395,0.73888,0.73228,0.73699,0
2021-08-12,0.73697,0.737,0.73315,0.7343,0
2021-08-13,0.7343,0.73809,0.73339,0.73677,0
2021-08-15,0.73614,0.73725,0.73369,0.73381,0
2021-08-16,0.7338,0.73444,0.73024,0.73078,0
2021-08-17,0.73075,0.73134,0.72375,0.7263,0
2021-08-18,0.72631,0.72687,0.71972,0.7204,0
2021-08-19,0.72041,0.7205,0.71257,0.71439,0
2021-08-20,0.71439,0.71487,0.71056,0.71347,0
2021-08-22,0.71213,0.71649,0.711,0.71607,0
2021-08-23,0.71606,0.72221,0.71479,0.72166,0
2021-08-24,0.72166,0.72706,0.72147,0.7241,0
2021-08-25,0.72409,0.728,0.72367,0.72603,0
2021-08-26,0.72603,0.72673,0.72216,0.72384,0
2021-08-27,0.72385,0.73164,0.72344,0.73089,0
2021-08-29,0.73029,0.73181,0.7296,0.73016,0
2021-08-30,0.73018,0.73093,0.7284,0.73067,0
2021-08-31,0.73067,0.73409,0.73024,0.73155,0
2021-09-01,0.73153,0.73835,0.73112,0.73648,0
2021-09-02,0.73649,0.74091,0.73616,0.74011,0
2021-09-03,0.74011,0.74775,0.74011,0.7447,0
2021-09-05,0.74531,0.74544,0.74297,0.74354,0
2021-09-06,0.74353,0.74562,0.74259,0.74391,0
2021-09-07,0.74394,0.7468,0.73743,0.73878,0
2021-09-08,0.73881,0.73906,0.73446,0.73551,0
2021-09-09,0.73553,0.73938,0.73465,0.73834,0
2021-09-10,0.73835,0.74093,0.73477,0.73512,0
2021-09-12,0.73473,0.73679,0.73473,0.7355,0
2021-09-13,0.73549,0.73753,0.73356,0.7352,0
2021-09-14,0.73523,0.73687,0.73007,0.73209,0
2021-09-15,0.73209,0.73468,0.73068,0.73238,0
2021-09-16,0.73241,0.73266,0.72736,0.72947,0
2021-09-17,0.72947,0.73212,0.72612,0.72613,0
2021-09-19,0.72616,0.72679,0.72263,0.72319,0
2021-09-20,0.7232,0.72689,0.72196,0.72678,0
2021-09-21,0.72676,0.72826,0.72212,0.72394,0
2021-09-22,0.72394,0.7296,0.72224,0.72365,0
2021-09-23,0.72364,0.73161,0.72332,0.72993,0
2021-09-24,0.7299,0.73013,0.72356,0.72577,0
2021-09-26,0.72525,0.72899,0.72505,0.72777,0
2021-09-27,0.72775,0.73061,0.72491,0.72974,0
2021-09-28,0.72973,0.73106,0.7225,0.72489,0
2021-09-29,0.72489,0.72638,0.717,0.7203,0
2021-09-30,0.7203,0.7257,0.71866,0.72176,0
2021-10-01,0.72177,0.7276,0.71916,0.72598,0
2021-10-03,0.72568,0.72823,0.72514,0.72614,0
2021-10-04,0.72613,0.73037,0.72508,0.72668,0
2021-10-05,0.72668,0.73006,0.72484,0.72656,0
2021-10-06,0.72658,0.72896,0.72254,0.72841,0
2021-10-07,0.72841,0.73238,0.72701,0.73055,0
2021-10-08,0.73054,0.73377,0.72877,0.73052,0
2021-10-10,0.73047,0.73306,0.72917,0.73174,0
2021-10-11,0.73173,0.73725,0.73151,0.73366,0
2021-10-12,0.73367,0.73841,0.73292,0.73362,0
2021-10-13,0.73363,0.7394,0.7323,0.73879,0
2021-10-14,0.73882,0.74262,0.73829,0.74155,0
2021-10-15,0.74154,0.74396,0.7403,0.74174,0
2021-10-17,0.74146,0.7437,0.73994,0.74034,0
2021-10-18,0.74037,0.74512,0.73781,0.74475,0
2021-10-19,0.74475,0.74917,0.74469,0.74904,0
2021-10-20,0.74905,0.7546,0.74791,0.75323,0
2021-10-21,0.75325,0.75332,0.74533,0.74758,0
2021-10-22,0.74757,0.75118,0.74534,0.74631,0
2021-10-24,0.74647,0.74882,0.7462,0.74867,0
2021-10-25,0.74867,0.75139,0.74748,0.75134,0
2021-10-26,0.75135,0.75356,0.74888,0.75193,0
2021-10-27,0.75194,0.75344,0.74793,0.75058,0
2021-10-28,0.7506,0.7555,0.7503,0.75469,0
2021-10-29,0.7547,0.75548,0.74998,0.75191,0
2021-10-31,0.75059,0.75242,0.74992,0.75033,0
2021-11-01,0.75036,0.75357,0.74847,0.74953,0
2021-11-02,0.74956,0.75015,0.74198,0.74339,0
2021-11-03,0.74338,0.74701,0.74119,0.74467,0
2021-11-04,0.74467,0.74477,0.73782,0.73962,0
2021-11-05,0.73961,0.74117,0.73595,0.73979,0
2021-11-07,0.73911,0.74036,0.7386,0.73967,0
2021-11-08,0.73965,0.74307,0.73838,0.74084,0
2021-11-09,0.74084,0.74312,0.73603,0.73667,0
2021-11-10,0.73667,0.73929,0.72946,0.7303,0
2021-11-11,0.7303,0.73197,0.72761,0.72858,0
2021-11-12,0.72856,0.73347,0.72821,0.73282,0
2021-11-14,0.73217,0.73443,0.73217,0.73416,0
2021-11-15,0.73417,0.73702,0.73403,0.73536,0
2021-11-16,0.73535,0.73581,0.72619,0.72823,0
2021-11-17,0.72823,0.73044,0.72512,0.7272,0
2021-11-18,0.7272,0.72926,0.72491,0.72716,0
2021-11-19,0.72715,0.72909,0.72264,0.72298,0
2021-11-21,0.72344,0.72549,0.7227,0.72523,0
2021-11-22,0.72522,0.72729,0.72161,0.72208,0
2021-11-23,0.72207,0.72319,0.71987,0.72072,0
2021-11-24,0.72071,0.72271,0.71835,0.72027,0
2021-11-25,0.72029,0.72081,0.71332,0.71408,0
2021-11-26,0.71409,0.71559,0.71106,0.7113,0
2021-11-28,0.71353,0.71465,0.71142,0.71394,0
2021-11-29,0.71394,0.71591,0.71132,0.71422,0
2021-11-30,0.71422,0.71702,0.70624,0.71679,0
2021-12-01,0.71681,0.71727,0.70941,0.7097,0
2021-12-02,0.70969,0.71138,0.70623,0.70739,0
2021-12-03,0.7074,0.70897,0.69926,0.69951,0
2021-12-05,0.69978,0.7026,0.69978,0.70234,0
2021-12-06,0.70235,0.7074,0.70095,0.70706,0
2021-12-07,0.70707,0.71423,0.70688,0.71323,0
2021-12-08,0.71323,0.71833,0.71166,0.71725,0
2021-12-09,0.71723,0.71864,0.71316,0.71489,0
2021-12-10,0.71489,0.71819,0.71412,0.71671,0
2021-12-12,0.71584,0.71757,0.71574,0.71747,0
2021-12-13,0.71748,0.7175,0.70895,0.71031,0
2021-12-14,0.7103,0.71351,0.70966,0.71128,0
2021-12-15,0.71125,0.71809,0.70915,0.71588,0
2021-12-16,0.71589,0.72233,0.71499,0.71674,0
2021-12-17,0.71674,0.71755,0.71217,0.71217,0
2021-12-19,0.71271,0.71323,0.71055,0.71091,0
2021-12-20,0.7109,0.71272,0.70817,0.71117,0
2021-12-21,0.71118,0.71557,0.71086,0.71322,0
2021-12-22,0.71322,0.72198,0.71202,0.72091,0
2021-12-23,0.7209,0.72513,0.7209,0.7231,0
2021-12-24,0.72309,0.72434,0.72129,0.72159,0
2021-12-26,0.72255,0.72413,0.72181,0.72332,0
2021-12-27,0.72331,0.72443,0.72051,0.72391,0
2021-12-28,0.72389,0.72634,0.72126,0.72328,0
2021-12-29,0.72326,0.7272,0.72152,0.72566,0
2021-12-30,0.72566,0.72753,0.7243,0.72547,0
2021-12-31,0.72548,0.7277,0.72438,0.72627,0
2022-01-02,0.72538,0.72766,0.72389,0.72487,0
2022-01-03,0.72488,0.7263,0.71837,0.72103,0
2022-01-04,0.72105,0.72483,0.71846,0.72314,0
2022-01-05,0.72312,0.72719,0.7175,0.7176,0
2022-01-06,0.71759,0.71807,0.71455,0.71596,0
2022-01-07,0.71596,0.71873,0.71293,0.71776,0
2022-01-09,0.71724,0.71972,0.71703,0.71913,0
2022-01-10,0.71913,0.72021,0.71483,0.71859,0
2022-01-11,0.71858,0.72194,0.71544,0.72164,0
2022-01-12,0.72168,0.72922,0.71998,0.72895,0
2022-01-13,0.72894,0.73138,0.72646,0.72819,0
2022-01-14,0.72819,0.72931,0.71977,0.72094,0
2022-01-16,0.72147,0.72234,0.7195,0.72059,0
2022-01-17,0.72061,0.7229,0.71787,0.71941,0
2022-01-18,0.7194,0.72043,0.71696,0.71855,0
2022-01-19,0.71853,0.72565,0.71781,0.72353,0
2022-01-20,0.72355,0.7276,0.71811,0.71898,0
2022-01-21,0.71898,0.72143,0.71711,0.71721,0
2022-01-23,0.71708,0.71872,0.71708,0.71779,0
2022-01-24,0.71779,0.718,0.70901,0.71318,0
2022-01-25,0.71319,0.71692,0.71209,0.71603,0
2022-01-26,0.71603,0.71809,0.70723,0.70802,0
2022-01-27,0.70803,0.7099,0.70233,0.70273,0
2022-01-28,0.70271,0.70415,0.69669,0.69917,0
2022-01-30,0.69893,0.70164,0.69866,0.70096,0
2022-01-31,0.70097,0.70762,0.70084,0.70652,0
2022-02-01,0.70653,0.71459,0.70541,0.71327,0
2022-02-02,0.71327,0.71587,0.71148,0.71181,0
2022-02-03,0.71182,0.71678,0.71093,0.71483,0
2022-02-04,0.71483,0.71503,0.70512,0.70724,0
2022-02-06,0.70764,0.70905,0.70648,0.70897,0
2022-02-07,0.70899,0.71379,0.70817,0.71201,0
2022-02-08,0.71199,0.71673,0.71062,0.71665,0
2022-02-09,0.71666,0.71941,0.71448,0.71734,0
2022-02-10,0.71735,0.72483,0.71115,0.71173,0
2022-02-11,0.71173,0.71848,0.71081,0.71318,0
2022-02-13,0.7126,0.71499,0.71148,0.71171,0
2022-02-14,0.71169,0.71419,0.70857,0.7126,0
2022-02-15,0.71258,0.71614,0.71012,0.71536,0
2022-02-16,0.71536,0.7215,0.7149,0.71698,0
2022-02-17,0.71702,0.72171,0.71698,0.72044,0
2022-02-18,0.72043,0.72275,0.71643,0.71711,0
2022-02-20,0.71694,0.72139,0.71664,0.72131,0
2022-02-21,0.72129,0.72223,0.71715,0.71999,0
2022-02-22,0.71999,0.72404,0.71913,0.72327,0
2022-02-23,0.72327,0.72835,0.71677,0.71971,0
2022-02-24,0.71976,0.72032,0.70942,0.71985,0
2022-02-25,0.71984,0.72373,0.71835,0.72333,0
2022-02-27,0.71584,0.71935,0.71568,0.718,0
2022-02-28,0.718,0.72672,0.71752,0.72596,0
2022-03-01,0.72594,0.72893,0.72376,0.72677,0
2022-03-02,0.72678,0.73062,0.72429,0.72997,0
2022-03-03,0.72998,0.7358,0.72924,0.73572,0
2022-03-04,0.73575,0.73801,0.73138,0.737,0
2022-03-06,0.73732,0.74408,0.73541,0.74184,0
2022-03-07,0.74183,0.74296,0.7309,0.73097,0
2022-03-08,0.73095,0.73099,0.72448,0.7284,0
2022-03-09,0.72838,0.73369,0.72707,0.73206,0
2022-03-10,0.73206,0.73671,0.73081,0.73348,0
2022-03-11,0.73349,0.73563,0.72818,0.72901,0
2022-03-13,0.72878,0.72983,0.72446,0.72582,0
2022-03-14,0.7258,0.72597,0.71647,0.71847,0
2022-03-15,0.71846,0.72269,0.71692,0.7206,0
2022-03-16,0.72059,0.73202,0.72035,0.73176,0
2022-03-17,0.73174,0.73933,0.73017,0.73792,0
2022-03-18,0.73793,0.74174,0.73602,0.74128,0
2022-03-20,0.74034,0.74243,0.73958,0.74027,0
2022-03-21,0.74028,0.74203,0.73733,0.73909,0
2022-03-22,0.7391,0.74765,0.73785,0.74579,0
2022-03-23,0.74579,0.75067,0.74502,0.74711,0
2022-03-24,0.74711,0.75276,0.74659,0.75247,0
2022-03-25,0.75248,0.75363,0.74945,0.75123,0
2022-03-27,0.74998,0.75249,0.74954,0.75247,0
2022-03-28,0.75245,0.75395,0.74662,0.74819,0
2022-03-29,0.74822,0.7524,0.74555,0.7517,0
2022-03-30,0.75176,0.75359,0.74826,0.74854,0
2022-03-31,0.74852,0.75135,0.74701,0.74863,0
2022-04-01,0.74862,0.75241,0.74721,0.74973,0
2022-04-03,0.74873,0.75153,0.74737,0.75138,0
2022-04-04,0.75137,0.75559,0.7504,0.75383,0
2022-04-05,0.75382,0.76607,0.75358,0.75724,0
2022-04-06,0.75723,0.75925,0.74796,0.74797,0
2022-04-07,0.74797,0.74932,0.74663,0.74765,0
2022-04-08,0.74767,0.74922,0.74259,0.74577,0
2022-04-10,0.74548,0.74652,0.74175,0.74358,0
2022-04-11,0.7436,0.74601,0.73992,0.74233,0
2022-04-12,0.74231,0.74929,0.74224,0.74645,0
2022-04-13,0.74644,0.74679,0.73913,0.74584,0
2022-04-14,0.74582,0.74662,0.73969,0.74001,0
2022-04-15,0.74002,0.74125,0.73892,0.73898,0
2022-04-17,0.73899,0.7403,0.7357,0.73573,0
2022-04-18,0.73572,0.7378,0.73423,0.73654,0
2022-04-19,0.73657,0.74146,0.73503,0.74122,0
2022-04-20,0.74121,0.74571,0.7409,0.74265,0
2022-04-21,0.74265,0.74577,0.73312,0.73457,0
2022-04-22,0.73453,0.73487,0.72342,0.72352,0
2022-04-24,0.72498,0.72501,0.71747,0.71848,0
2022-04-25,0.71848,0.7228,0.71346,0.72157,0
2022-04-26,0.72158,0.72282,0.7118,0.71626,0
2022-04-27,0.71626,0.71901,0.70925,0.70931,0
2022-04-28,0.70933,0.71616,0.70544,0.71276,0
2022-04-29,0.71276,0.71794,0.70571,0.70581,0
2022-05-01,0.70682,0.70815,0.70323,0.70509,0
2022-05-02,0.70507,0.70995,0.70294,0.70908,0
2022-05-03,0.70907,0.71472,0.70788,0.71109,0
2022-05-04,0.7111,0.72657,0.70982,0.72434,0
2022-05-05,0.72434,0.7249,0.70768,0.71115,0
2022-05-06,0.71116,0.71347,0.70579,0.7071,0
2022-05-08,0.70624,0.70704,0.70032,0.7012,0
2022-05-09,0.7012,0.70276,0.69102,0.69692,0
2022-05-10,0.69692,0.69857,0.69133,0.69599,0
2022-05-11,0.69599,0.70532,0.69041,0.69224,0
2022-05-12,0.69224,0.6925,0.68284,0.68818,0
2022-05-13,0.68816,0.69405,0.68666,0.69356,0
2022-05-15,0.69174,0.69594,0.68718,0.68802,0
2022-05-16,0.68803,0.70111,0.68777,0.69951,0
2022-05-17,0.69953,0.70461,0.69893,0.70018,0
2022-05-18,0.70017,0.70369,0.69491,0.70113,0
2022-05-19,0.70113,0.70722,0.69578,0.70074,0
2022-05-20,0.70072,0.7073,0.70016,0.70381,0
2022-05-22,0.70465,0.70978,0.7039,0.70885,0
2022-05-23,0.70888,0.71265,0.70651,0.70872,0
2022-05-24,0.70879,0.71186,0.70565,0.7114,0
2022-05-25,0.71137,0.71184,0.70351,0.70915,0
2022-05-26,0.70916,0.71438,0.70567,0.71385,0
2022-05-27,0.71383,0.71665,0.71233,0.7157,0
2022-05-29,0.71575,0.71883,0.71446,0.71761,0
2022-05-30,0.7176,0.7203,0.71616,0.71869,0
2022-05-31,0.71866,0.7198,0.71492,0.71794,0
2022-06-01,0.71801,0.72298,0.71552,0.71651,0
2022-06-02,0.71651,0.72826,0.71403,0.72577,0
2022-06-03,0.72578,0.72654,0.72011,0.72034,0
2022-06-05,0.72115,0.72158,0.71867,0.71913,0
2022-06-06,0.71914,0.72313,0.71589,0.7175,0
2022-06-07,0.71747,0.72461,0.71566,0.72004,0
2022-06-08,0.72004,0.72261,0.71605,0.71797,0
2022-06-09,0.71795,0.71938,0.70844,0.7101,0
2022-06-10,0.7101,0.71375,0.70369,0.7044,0
2022-06-12,0.70352,0.70446,0.70002,0.70254,0
2022-06-13,0.70256,0.70337,0.69107,0.69557,0
2022-06-14,0.69557,0.69699,0.685,0.69081,0
2022-06-15,0.6908,0.70351,0.68918,0.70144,0
2022-06-16,0.70144,0.70685,0.6943,0.70153,0
2022-06-17,0.70153,0.70277,0.6897,0.69322,0
2022-06-19,0.6915,0.69602,0.6915,0.69545,0
2022-06-20,0.69545,0.69954,0.69415,0.69771,0
2022-06-21,0.69772,0.69933,0.69153,0.69244,0
2022-06-22,0.69244,0.69486,0.68809,0.68915,0
2022-06-23,0.68917,0.69258,0.68687,0.6903,0
2022-06-24,0.69029,0.69573,0.68881,0.69402,0
2022-06-26,0.69415,0.69584,0.69066,0.69189,0
2022-06-27,0.69188,0.69482,0.69081,0.6929,0
2022-06-28,0.6929,0.69641,0.68963,0.69059,0
2022-06-29,0.6906,0.6915,0.68529,0.68904,0
2022-06-30,0.68904,0.69188,0.68236,0.68314,0
2022-07-01,0.68315,0.68368,0.67634,0.68105,0
2022-07-03,0.68038,0.68278,0.67931,0.68039,0
2022-07-04,0.68042,0.68943,0.68029,0.68751,0
2022-07-05,0.68749,0.68853,0.67612,0.68046,0
2022-07-06,0.68048,0.68256,0.67614,0.68144,0
2022-07-07,0.68145,0.68606,0.68031,0.68277,0
2022-07-08,0.68279,0.68738,0.67911,0.68538,0
2022-07-10,0.68404,0.6854,0.6815,0.6824,0
2022-07-11,0.68239,0.68293,0.67141,0.67318,0
2022-07-12,0.67314,0.67784,0.67104,0.67705,0
2022-07-13,0.67706,0.68029,0.67251,0.67781,0
2022-07-14,0.67784,0.67874,0.6681,0.67413,0
2022-07-15,0.67411,0.68058,0.67186,0.67887,0
2022-07-17,0.67847,0.68182,0.67838,0.68086,0
2022-07-18,0.68086,0.6854,0.67926,0.68374,0
2022-07-19,0.68372,0.69199,0.68346,0.69148,0
2022-07-20,0.69147,0.69297,0.68726,0.68899,0
2022-07-21,0.68902,0.69378,0.68585,0.69119,0
2022-07-22,0.69119,0.69769,0.68927,0.69227,0
2022-07-24,0.69217,0.69264,0.68782,0.69062,0
2022-07-25,0.6906,0.69826,0.68975,0.69599,0
2022-07-26,0.69601,0.69709,0.69121,0.69215,0
2022-07-27,0.69215,0.70117,0.69114,0.69946,0
2022-07-28,0.69948,0.70134,0.69544,0.70069,0
2022-07-29,0.70069,0.70312,0.69105,0.69881,0
2022-07-31,0.69697,0.69993,0.69671,0.69824,0
2022-08-01,0.69823,0.70466,0.69797,0.70157,0
2022-08-02,0.70156,0.70201,0.68857,0.69324,0
2022-08-03,0.69322,0.69625,0.69031,0.69538,0
2022-08-04,0.69539,0.69893,0.6945,0.69627,0
2022-08-05,0.69627,0.69742,0.68689,0.69111,0
2022-08-07,0.68913,0.69311,0.68913,0.69275,0
2022-08-08,0.69275,0.70087,0.69248,0.69884,0
2022-08-09,0.69884,0.69942,0.69461,0.69588,0
2022-08-10,0.69588,0.71085,0.69474,0.70709,0
2022-08-11,0.70709,0.71363,0.70641,0.71145,0
2022-08-12,0.71145,0.71278,0.70842,0.71201,0
2022-08-14,0.71129,0.71246,0.70938,0.71046,0
2022-08-15,0.71047,0.71061,0.7,0.70219,0
2022-08-16,0.7022,0.70395,0.69873,0.70005,0
2022-08-17,0.70005,0.70241,0.69104,0.69199,0
2022-08-18,0.69198,0.69694,0.68874,0.69138,0
2022-08-19,0.6914,0.69191,0.68585,0.68712,0
2022-08-21,0.6869,0.69057,0.68607,0.68998,0
2022-08-22,0.68996,0.69283,0.68617,0.68976,0
2022-08-23,0.68978,0.69628,0.68555,0.69011,0
2022-08-24,0.69012,0.69471,0.68784,0.69462,0
2022-08-25,0.69461,0.69907,0.69425,0.69661,0
2022-08-26,0.6966,0.70084,0.68877,0.68892,0
2022-08-28,0.68781,0.68852,0.68477,0.68577,0
2022-08-29,0.68577,0.69255,0.68403,0.68859,0
2022-08-30,0.68859,0.69556,0.6845,0.68787,0
2022-08-31,0.68788,0.69036,0.67963,0.68027,0
2022-09-01,0.68028,0.68452,0.67706,0.67896,0
2022-09-02,0.67898,0.68543,0.67788,0.68165,0
2022-09-04,0.67773,0.68014,0.67727,0.67936,0
2022-09-05,0.67937,0.68317,0.67722,0.67985,0
2022-09-06,0.67985,0.68135,0.66986,0.67054,0
2022-09-07,0.67054,0.67732,0.66985,0.67195,0
2022-09-08,0.67196,0.68255,0.67167,0.68229,0
2022-09-09,0.68228,0.68768,0.68189,0.68385,0
2022-09-11,0.68273,0.68516,0.68208,0.68345,0
2022-09-12,0.68343,0.68991,0.68254,0.68686,0
2022-09-13,0.68686,0.69155,0.67246,0.67286,0
2022-09-14,0.67287,0.67694,0.67044,0.67582,0
2022-09-15,0.6758,0.67621,0.66843,0.67117,0
2022-09-16,0.67117,0.67236,0.66694,0.67195,0
2022-09-18,0.67136,0.67334,0.66981,0.67054,0
2022-09-19,0.67056,0.6747,0.66715,0.67303,0
2022-09-20,0.67301,0.67322,0.66722,0.66767,0
2022-09-21,0.66767,0.67044,0.65822,0.65894,0
2022-09-22,0.65894,0.66703,0.65736,0.66175,0
2022-09-23,0.66176,0.66319,0.65108,0.65358,0
2022-09-25,0.65141,0.65374,0.64861,0.65014,0
2022-09-26,0.65014,0.65322,0.64371,0.64801,0
2022-09-27,0.64801,0.65126,0.63881,0.63987,0
2022-09-28,0.63988,0.65303,0.63626,0.64863,0
2022-09-29,0.64864,0.6518,0.6435,0.64838,0
2022-09-30,0.64837,0.65234,0.63907,0.64023,0
2022-10-02,0.63995,0.64487,0.63975,0.64294,0
2022-10-03,0.64295,0.65214,0.64191,0.64896,0
2022-10-04,0.64896,0.6547,0.64507,0.64961,0
2022-10-05,0.64961,0.65404,0.6416,0.65257,0
2022-10-06,0.65259,0.65363,0.63887,0.64169,0
2022-10-07,0.64171,0.64281,0.63537,0.63604,0
2022-10-09,0.63569,0.63796,0.63415,0.63473,0
2022-10-10,0.6347,0.63539,0.62593,0.62623,0
2022-10-11,0.62622,0.63453,0.62396,0.6254,0
2022-10-12,0.62539,0.62983,0.6235,0.62722,0
2022-10-13,0.62723,0.63428,0.61695,0.63316,0
2022-10-14,0.63319,0.63465,0.61934,0.61989,0
2022-10-16,0.62053,0.62359,0.62021,0.62324,0
2022-10-17,0.62324,0.63133,0.62226,0.63073,0
2022-10-18,0.63073,0.63393,0.62653,0.63202,0
2022-10-19,0.63202,0.63231,0.62278,0.62338,0
2022-10-20,0.62335,0.63555,0.62324,0.62654,0
2022-10-21,0.62652,0.63923,0.62096,0.63853,0
2022-10-23,0.63939,0.64104,0.6323,0.63293,0
2022-10-24,0.63294,0.63466,0.62718,0.63332,0
2022-10-25,0.63332,0.64116,0.6303,0.64071,0
2022-10-26,0.64069,0.65104,0.6396,0.6495,0
2022-10-27,0.64949,0.65214,0.6425,0.64725,0
2022-10-28,0.64725,0.64792,0.63884,0.64116,0
2022-10-30,0.63945,0.64273,0.63864,0.6419,0
2022-10-31,0.64189,0.64462,0.63675,0.64221,0
2022-11-01,0.6422,0.64634,0.63764,0.641,0
2022-11-02,0.64103,0.64916,0.63242,0.6367,0
2022-11-03,0.63669,0.63696,0.62716,0.6346,0
2022-11-04,0.6346,0.64822,0.63312,0.64729,0
2022-11-06,0.6414,0.64485,0.6407,0.64282,0
2022-11-07,0.64282,0.64899,0.64059,0.64634,0
2022-11-08,0.64633,0.65506,0.64436,0.64998,0
2022-11-09,0.64999,0.65216,0.64111,0.64177,0
2022-11-10,0.64176,0.6631,0.6386,0.66197,0
2022-11-11,0.66196,0.67162,0.66162,0.67052,0
2022-11-13,0.66994,0.67092,0.66677,0.66813,0
2022-11-14,0.66811,0.67231,0.66628,0.66948,0
2022-11-15,0.66948,0.67969,0.66936,0.67425,0
2022-11-16,0.67425,0.67921,0.66965,0.6706,0
2022-11-17,0.6706,0.67505,0.66334,0.67016,0
2022-11-18,0.67017,0.67298,0.66609,0.66684,0
2022-11-20,0.66585,0.6683,0.66362,0.66428,0
2022-11-21,0.66428,0.66523,0.6584,0.66226,0
2022-11-22,0.66228,0.6659,0.66037,0.66388,0
2022-11-23,0.66386,0.67676,0.66346,0.67657,0
2022-11-24,0.67656,0.67804,0.67307,0.6774,0
2022-11-25,0.67742,0.67749,0.67201,0.67466,0
2022-11-27,0.67163,0.67278,0.66647,0.66915,0
2022-11-28,0.66915,0.67146,0.66396,0.67049,0
2022-11-29,0.67048,0.67483,0.66696,0.66967,0
2022-11-30,0.66967,0.68158,0.66759,0.68078,0
2022-12-01,0.68076,0.68437,0.67822,0.68118,0
2022-12-02,0.68117,0.68355,0.67421,0.67914,0
2022-12-04,0.67835,0.68504,0.67716,0.68394,0
2022-12-05,0.68394,0.6845,0.66863,0.67272,0
2022-12-06,0.67271,0.67437,0.66802,0.66899,0
2022-12-07,0.66899,0.67415,0.66682,0.67154,0
2022-12-08,0.67153,0.67995,0.6708,0.67901,0
2022-12-09,0.67902,0.6813,0.67419,0.6793,0
2022-12-11,0.67827,0.67974,0.67562,0.67774,0
2022-12-12,0.67772,0.67949,0.67282,0.67545,0
2022-12-13,0.67544,0.68927,0.67474,0.68356,0
2022-12-14,0.68356,0.68809,0.68095,0.68241,0
2022-12-15,0.68242,0.68341,0.66761,0.67055,0
2022-12-16,0.67055,0.67189,0.66748,0.66851,0
2022-12-18,0.67037,0.67235,0.66824,0.67117,0
2022-12-19,0.67118,0.67437,0.66437,0.66582,0
2022-12-20,0.66582,0.6697,0.66286,0.66624,0
2022-12-21,0.66623,0.6764,0.66589,0.6761,0
2022-12-22,0.67609,0.6767,0.66497,0.66789,0
2022-12-23,0.66788,0.67244,0.66721,0.6713,0
2022-12-25,0.66918,0.67204,0.66785,0.67113,0
2022-12-26,0.67106,0.67562,0.67043,0.67439,0
2022-12-27,0.67439,0.67754,0.67185,0.67398,0
2022-12-28,0.67396,0.68006,0.67323,0.67502,0
2022-12-29,0.67501,0.67871,0.671,0.67729,0
2022-12-30,0.67727,0.68203,0.67574,0.68168,0
2023-01-01,0.67896,0.68182,0.67896,0.68002,0
2023-01-02,0.68035,0.6834,0.67721,0.68263,0
2023-01-03,0.68265,0.68284,0.66874,0.68043,0
2023-01-04,0.68044,0.68858,0.67867,0.68138,0
2023-01-05,0.68136,0.68411,0.67345,0.67674,0
2023-01-06,0.67677,0.68863,0.67217,0.68742,0
2023-01-08,0.68773,0.69304,0.68732,0.69271,0
2023-01-09,0.6927,0.69494,0.68912,0.69034,0
2023-01-10,0.69034,0.69188,0.68591,0.69106,0
2023-01-11,0.69107,0.6925,0.68724,0.69223,0
2023-01-12,0.69222,0.69842,0.68707,0.69543,0
2023-01-13,0.69543,0.69936,0.69148,0.69676,0
2023-01-15,0.69681,0.70187,0.69663,0.69868,0
2023-01-16,0.6987,0.69966,0.69403,0.69724,0
2023-01-17,0.69725,0.7002,0.69292,0.69929,0
2023-01-18,0.69931,0.70631,0.68926,0.69034,0
2023-01-19,0.69034,0.69324,0.68713,0.69162,0
2023-01-20,0.69161,0.69732,0.69099,0.69672,0
2023-01-22,0.69615,0.69939,0.69591,0.69819,0
2023-01-23,0.69819,0.70446,0.69615,0.70314,0
2023-01-24,0.70315,0.71082,0.6993,0.71009,0
2023-01-25,0.71008,0.71224,0.70615,0.71191,0
2023-01-26,0.71191,0.71421,0.70788,0.71059,0
2023-01-27,0.71059,0.71262,0.70817,0.71064,0
2023-01-29,0.70944,0.71198,0.70829,0.7092,0
2023-01-30,0.7092,0.70971,0.70253,0.70371,0
2023-01-31,0.70372,0.7074,0.69832,0.70667,0
2023-02-01,0.70667,0.71573,0.70408,0.71485,0
2023-02-02,0.71486,0.71561,0.70475,0.70606,0
2023-02-03,0.70602,0.70719,0.69184,0.69191,0
2023-02-05,0.68924,0.69469,0.68916,0.69429,0
2023-02-06,0.6943,0.69505,0.68549,0.69297,0
2023-02-07,0.69297,0.69879,0.68852,0.69633,0
2023-02-08,0.69631,0.69959,0.69184,0.69529,0
2023-02-09,0.69525,0.70108,0.69107,0.69173,0
2023-02-10,0.69175,0.69597,0.69085,0.69143,0
2023-02-12,0.69135,0.6919,0.68898,0.69064,0
2023-02-13,0.69063,0.6975,0.69041,0.69749,0
2023-02-14,0.69748,0.70294,0.69209,0.69365,0
2023-02-15,0.69364,0.69377,0.68644,0.69183,0
2023-02-16,0.69184,0.69357,0.68323,0.68424,0
2023-02-17,0.68424,0.68839,0.68112,0.68761,0
2023-02-19,0.68645,0.69007,0.6862,0.68905,0
2023-02-20,0.68907,0.69194,0.68855,0.68954,0
2023-02-21,0.68953,0.6901,0.683,0.68384,0
2023-02-22,0.68384,0.68412,0.67944,0.68326,0
2023-02-23,0.68324,0.68348,0.67808,0.68127,0
2023-02-24,0.68128,0.68175,0.67179,0.67261,0
2023-02-26,0.6728,0.67412,0.67037,0.67102,0
2023-02-27,0.671,0.67498,0.66975,0.67289,0
2023-02-28,0.67289,0.67545,0.66945,0.67488,0
2023-03-01,0.67489,0.67773,0.67274,0.67438,0
2023-03-02,0.67436,0.6752,0.67078,0.67429,0
2023-03-03,0.6743,0.67743,0.67386,0.67703,0
2023-03-05,0.6755,0.67692,0.67409,0.67543,0
2023-03-06,0.67543,0.67616,0.66918,0.6713,0
2023-03-07,0.67129,0.6718,0.65674,0.65896,0
2023-03-08,0.65896,0.6616,0.65755,0.66097,0
2023-03-09,0.66096,0.66358,0.65633,0.65979,0
2023-03-10,0.65979,0.66327,0.65736,0.65758,0
2023-03-12,0.66118,0.66719,0.65952,0.66659,0
2023-03-13,0.66659,0.67163,0.66173,0.66477,0
2023-03-14,0.66475,0.67111,0.66426,0.66924,0
2023-03-15,0.66925,0.66926,0.65941,0.66364,0
2023-03-16,0.66362,0.67151,0.66296,0.67143,0
2023-03-17,0.67144,0.67242,0.66806,0.66949,0
2023-03-19,0.6712,0.67296,0.66797,0.66828,0
2023-03-20,0.66827,0.67258,0.66653,0.66901,0
2023-03-21,0.66903,0.66968,0.66498,0.6693,0
2023-03-22,0.66931,0.67419,0.66701,0.67411,0
2023-03-23,0.67411,0.67551,0.66589,0.66865,0
2023-03-24,0.66865,0.66939,0.66265,0.66422,0
2023-03-26,0.66391,0.66615,0.66368,0.66569,0
2023-03-27,0.66571,0.66944,0.66333,0.6691,0
2023-03-28,0.6691,0.67127,0.66685,0.66969,0
2023-03-29,0.66969,0.67034,0.66609,0.6679,0
2023-03-30,0.6679,0.67375,0.66771,0.67186,0
2023-03-31,0.67186,0.67209,0.66698,0.66817,0
2023-04-02,0.66787,0.6682,0.66506,0.66624,0
2023-04-03,0.66626,0.67928,0.66573,0.67791,0
2023-04-04,0.6779,0.6788,0.67209,0.67539,0
2023-04-05,0.67541,0.67543,0.66764,0.66995,0
2023-04-06,0.66994,0.67089,0.66526,0.66739,0
2023-04-09,0.66604,0.66741,0.66563,0.66616,0
2023-04-10,0.66616,0.66797,0.66188,0.66677,0
2023-04-11,0.66677,0.66794,0.6645,0.66645,0
2023-04-12,0.66644,0.67228,0.66503,0.67091,0
2023-04-13,0.67089,0.67963,0.6695,0.67844,0
2023-04-14,0.67845,0.68057,0.66947,0.6704,0
2023-04-16,0.67017,0.67128,0.669,0.67074,0
2023-04-17,0.67073,0.67245,0.66861,0.67133,0
2023-04-18,0.67132,0.6747,0.67115,0.67303,0
2023-04-19,0.67302,0.67332,0.66896,0.6704,0
2023-04-20,0.67043,0.6771,0.66985,0.67174,0
2023-04-21,0.67175,0.67188,0.66773,0.66887,0
2023-04-23,0.66932,0.66968,0.66771,0.66792,0
2023-04-24,0.66791,0.6705,0.66651,0.66786,0
2023-04-25,0.66786,0.66873,0.66054,0.66059,0
2023-04-26,0.66059,0.66178,0.6591,0.66065,0
2023-04-27,0.66066,0.66418,0.65949,0.66283,0
2023-04-28,0.66282,0.66301,0.65728,0.66112,0
2023-04-30,0.66118,0.66358,0.66069,0.66345,0
2023-05-01,0.66345,0.66677,0.66191,0.66289,0
2023-05-02,0.66289,0.67167,0.66251,0.66681,0
2023-05-03,0.6668,0.66935,0.664,0.66865,0
2023-05-04,0.66864,0.67359,0.66539,0.67349,0
2023-05-05,0.6735,0.67566,0.66875,0.67456,0
2023-05-07,0.67433,0.67698,0.67396,0.67689,0
2023-05-08,0.67688,0.67962,0.67685,0.67839,0
2023-05-09,0.67842,0.67864,0.67461,0.67681,0
2023-05-10,0.67682,0.68176,0.67438,0.67714,0
2023-05-11,0.67717,0.67795,0.66849,0.66909,0
2023-05-12,0.66908,0.67041,0.66357,0.66392,0
2023-05-14,0.66427,0.6665,0.66413,0.6661,0
2023-05-15,0.6661,0.67092,0.66584,0.66943,0
2023-05-16,0.66942,0.66961,0.6644,0.66593,0
2023-05-17,0.66593,0.66728,0.66286,0.66494,0
2023-05-18,0.66495,0.66565,0.66047,0.66368,0
2023-05-19,0.66368,0.66748,0.66294,0.66502,0
2023-05-21,0.66471,0.66672,0.66427,0.66495,0
2023-05-22,0.66494,0.66616,0.66268,0.66551,0
2023-05-23,0.66548,0.66596,0.65852,0.66012,0
2023-05-24,0.6601,0.66036,0.65226,0.65275,0
2023-05-25,0.65277,0.65421,0.649,0.65112,0
2023-05-26,0.6511,0.65438,0.64975,0.65142,0
2023-05-28,0.65202,0.65439,0.65195,0.65285,0
2023-05-29,0.65286,0.65591,0.65101,0.65128,0
2023-05-30,0.65127,0.65543,0.64894,0.64937,0
2023-05-31,0.64937,0.65153,0.64625,0.6514,0
2023-06-01,0.65141,0.66159,0.64859,0.66143,0
2023-06-02,0.66145,0.6638,0.6602,0.66089,0
2023-06-04,0.65994,0.66076,0.65872,0.66064,0
2023-06-05,0.66062,0.6637,0.6583,0.66171,0
2023-06-06,0.66171,0.66894,0.66157,0.6675,0
2023-06-07,0.66749,0.67169,0.66411,0.6662,0
2023-06-08,0.6662,0.67163,0.66545,0.6698,0
2023-06-09,0.66979,0.67503,0.66923,0.67374,0
2023-06-11,0.67405,0.67479,0.6731,0.67416,0
2023-06-12,0.67412,0.67731,0.67376,0.67643,0
2023-06-13,0.67643,0.67993,0.67555,0.67751,0
2023-06-14,0.67749,0.68332,0.67628,0.67994,0
2023-06-15,0.67996,0.68923,0.67914,0.68705,0
2023-06-16,0.68705,0.68993,0.68545,0.68791,0
2023-06-18,0.68769,0.68818,0.68333,0.6837,0
2023-06-19,0.6837,0.68775,0.67976,0.68078,0
2023-06-20,0.68074,0.68115,0.67526,0.67908,0
2023-06-21,0.6791,0.68056,0.67404,0.67891,0
2023-06-22,0.67889,0.67976,0.67032,0.67073,0
2023-06-23,0.67071,0.67095,0.6667,0.66769,0
2023-06-25,0.66805,0.66935,0.66696,0.66883,0
2023-06-26,0.66885,0.67197,0.66541,0.67157,0
2023-06-27,0.67156,0.67203,0.66175,0.66448,0
2023-06-28,0.66449,0.66514,0.65948,0.66086,0
2023-06-29,0.66085,0.66382,0.66029,0.66269,0
2023-06-30,0.66269,0.66687,0.66136,0.66594,0
2023-07-02,0.66623,0.6667,0.66366,0.66629,0
2023-07-03,0.6663,0.6684,0.66391,0.66755,0
2023-07-04,0.66756,0.67036,0.6641,0.66841,0
2023-07-05,0.6684,0.66892,0.66498,0.66508,0
2023-07-06,0.66509,0.66876,0.66103,0.66312,0
2023-07-07,0.66313,0.67002,0.66191,0.66868,0
2023-07-09,0.66882,0.66952,0.66623,0.66651,0
2023-07-10,0.66651,0.66916,0.66231,0.66871,0
2023-07-11,0.66869,0.67414,0.66507,0.67182,0
2023-07-12,0.67183,0.68169,0.66822,0.68144,0
2023-07-13,0.68142,0.68946,0.68043,0.68927,0
2023-07-14,0.68926,0.68944,0.68365,0.68394,0
2023-07-16,0.68412,0.68416,0.6806,0.68081,0
2023-07-17,0.68079,0.68368,0.6787,0.6827,0
2023-07-18,0.68269,0.68348,0.67821,0.67858,0
2023-07-19,0.67858,0.68396,0.67496,0.68311,0
2023-07-20,0.68311,0.68381,0.67586,0.67738,0
2023-07-21,0.67735,0.67874,0.67219,0.6726,0
2023-07-23,0.67273,0.67405,0.67145,0.67327,0
2023-07-24,0.67326,0.67715,0.67248,0.67645,0
2023-07-25,0.67642,0.67925,0.67285,0.67622,0
2023-07-26,0.67622,0.6819,0.67306,0.68086,0
2023-07-27,0.68088,0.68207,0.6655,0.66653,0
2023-07-28,0.66653,0.66754,0.66221,0.66466,0
2023-07-30,0.66511,0.66812,0.6643,0.66756,0
2023-07-31,0.66758,0.6739,0.66705,0.66926,0
2023-08-01,0.66924,0.67075,0.65859,0.65923,0
2023-08-02,0.65922,0.65932,0.65263,0.65361,0
2023-08-03,0.6536,0.65871,0.65137,0.65701,0
2023-08-04,0.65703,0.66091,0.65449,0.65663,0
2023-08-06,0.65713,0.65924,0.65661,0.65809,0
2023-08-07,0.65809,0.6586,0.65358,0.65453,0
2023-08-08,0.65451,0.65633,0.64961,0.65532,0
2023-08-09,0.65533,0.65709,0.65196,0.65384,0
2023-08-10,0.65385,0.66164,0.65091,0.65242,0
2023-08-11,0.65243,0.65323,0.64855,0.64919,0
2023-08-13,0.64951,0.64984,0.64563,0.64664,0
2023-08-14,0.64665,0.6511,0.64534,0.65067,0
2023-08-15,0.65068,0.65212,0.64276,0.64485,0
2023-08-16,0.64483,0.64802,0.6364,0.63818,0
2023-08-17,0.63817,0.645,0.63779,0.64048,0
2023-08-18,0.6405,0.64174,0.63786,0.63997,0
2023-08-20,0.64054,0.64179,0.63939,0.64005,0
2023-08-21,0.64004,0.64284,0.63867,0.64217,0
2023-08-22,0.64216,0.64575,0.64083,0.64375,0
2023-08-23,0.64375,0.64878,0.64105,0.64799,0
2023-08-24,0.64798,0.64875,0.64053,0.64081,0
2023-08-25,0.64082,0.64408,0.63795,0.64011,0
2023-08-27,0.6402,0.64392,0.6402,0.64295,0
2023-08-28,0.64294,0.64536,0.64013,0.64481,0
2023-08-29,0.64481,0.64863,0.64008,0.64715,0
2023-08-30,0.64716,0.65218,0.64536,0.64843,0
2023-08-31,0.64843,0.64995,0.64606,0.64674,0
2023-09-01,0.64675,0.65215,0.6438,0.64479,0
2023-09-03,0.64357,0.64744,0.64357,0.64648,0
2023-09-04,0.64649,0.64801,0.64209,0.64257,0
2023-09-05,0.64256,0.64301,0.63567,0.63781,0
2023-09-06,0.6378,0.64042,0.63629,0.63705,0
2023-09-07,0.63704,0.63954,0.63617,0.63846,0
2023-09-08,0.63843,0.64144,0.63699,0.63746,0
2023-09-10,0.63823,0.64215,0.63753,0.64168,0
2023-09-11,0.64169,0.6449,0.64152,0.64352,0
2023-09-12,0.64352,0.64395,0.63989,0.64048,0
2023-09-13,0.64048,0.6454,0.63797,0.64369,0
2023-09-14,0.64367,0.64672,0.64184,0.64654,0
2023-09-15,0.64654,0.64731,0.64242,0.64268,0
2023-09-17,0.64331,0.64457,0.64264,0.64392,0
2023-09-18,0.64391,0.64484,0.64162,0.64351,0
2023-09-19,0.64354,0.64734,0.64274,0.64487,0
2023-09-20,0.64484,0.65108,0.64036,0.64117,0
2023-09-21,0.64117,0.64318,0.63851,0.64229,0
2023-09-22,0.64228,0.64648,0.64171,0.6438,0
2023-09-24,0.64393,0.64461,0.64217,0.64242,0
2023-09-25,0.64241,0.64354,0.64037,0.6418,0
2023-09-26,0.6418,0.6421,0.63801,0.63813,0
2023-09-27,0.63811,0.63869,0.63309,0.63723,0
2023-09-28,0.63723,0.64606,0.63627,0.64569,0
2023-09-29,0.64567,0.65005,0.64218,0.64285,0
2023-10-01,0.64211,0.64446,0.64098,0.64115,0
2023-10-02,0.64114,0.64257,0.63359,0.63445,0
2023-10-03,0.63447,0.63454,0.62851,0.62971,0
2023-10-04,0.62971,0.63773,0.6297,0.63725,0
2023-10-05,0.63726,0.63814,0.63267,0.63737,0
2023-10-06,0.63738,0.63998,0.63122,0.63829,0
2023-10-08,0.63625,0.63806,0.63441,0.63515,0
2023-10-09,0.63515,0.64327,0.63424,0.64146,0
2023-10-10,0.6415,0.64449,0.63898,0.6422,0
2023-10-11,0.64222,0.6434,0.63876,0.64203,0
2023-10-12,0.64203,0.64306,0.63067,0.63268,0
2023-10-13,0.63267,0.63311,0.62859,0.62941,0
2023-10-15,0.63016,0.63264,0.62979,0.63216,0
2023-10-16,0.63217,0.63667,0.63113,0.63534,0
2023-10-17,0.63534,0.63812,0.6336,0.63747,0
2023-10-18,0.63749,0.63929,0.62955,0.62992,0
2023-10-19,0.62992,0.63561,0.62966,0.63191,0
2023-10-20,0.6319,0.63252,0.6297,0.63092,0
2023-10-22,0.63152,0.63215,0.6307,0.6311,0
2023-10-23,0.63108,0.63615,0.62885,0.63564,0
2023-10-24,0.63562,0.63992,0.63435,0.63805,0
2023-10-25,0.63805,0.63869,0.62698,0.62768,0
2023-10-26,0.62767,0.63424,0.62735,0.63384,0
2023-10-27,0.63384,0.63675,0.63306,0.63329,0
2023-10-29,0.63364,0.63595,0.63321,0.63526,0
2023-10-30,0.63527,0.63835,0.63409,0.63442,0
2023-10-31,0.6344,0.63737,0.6314,0.63307,0
2023-11-01,0.63309,0.64387,0.63279,0.6423,0
2023-11-02,0.6423,0.64555,0.64124,0.64312,0
2023-11-03,0.64312,0.65179,0.64298,0.65105,0
2023-11-05,0.65033,0.65196,0.65033,0.6509,0
2023-11-06,0.65086,0.65226,0.64339,0.64375,0
2023-11-07,0.64373,0.6449,0.64036,0.6438,0
2023-11-08,0.64382,0.64435,0.63958,0.64146,0
2023-11-09,0.64146,0.64279,0.63514,0.63602,0
2023-11-10,0.63603,0.63665,0.63381,0.63579,0
2023-11-12,0.6349,0.63682,0.6349,0.63582,0
2023-11-13,0.63582,0.63909,0.63582,0.6371,0
2023-11-14,0.63709,0.65119,0.636,0.64991,0
2023-11-15,0.6499,0.65418,0.64607,0.64697,0
2023-11-16,0.64696,0.65084,0.64571,0.64671,0
2023-11-17,0.64673,0.65153,0.64521,0.65128,0
2023-11-19,0.65013,0.65626,0.65003,0.65488,0
2023-11-20,0.6549,0.65864,0.65342,0.65766,0
2023-11-21,0.65766,0.65892,0.6544,0.65541,0
2023-11-22,0.6554,0.65688,0.65209,0.65529,0
2023-11-23,0.65529,0.65743,0.65493,0.65617,0
2023-11-24,0.65616,0.65906,0.65551,0.6581,0
2023-11-26,0.65753,0.65946,0.65663,0.65734,0
2023-11-27,0.65735,0.66313,0.65717,0.66222,0
2023-11-28,0.66218,0.66761,0.65958,0.66493,0
2023-11-29,0.66492,0.66532,0.66053,0.66465,0
2023-11-30,0.66467,0.66499,0.65704,0.66097,0
2023-12-01,0.66097,0.66752,0.65989,0.66712,0
2023-12-03,0.66636,0.66901,0.66525,0.66562,0
2023-12-04,0.66562,0.66632,0.65709,0.65815,0
2023-12-05,0.65814,0.6597,0.65436,0.65808,0
2023-12-06,0.6581,0.65958,0.6525,0.65276,0
2023-12-07,0.65275,0.66198,0.65273,0.66174,0
2023-12-08,0.66173,0.66191,0.65574,0.65746,0
2023-12-10,0.65665,0.65827,0.65509,0.65535,0
2023-12-11,0.65533,0.6592,0.65495,0.65898,0
2023-12-12,0.65899,0.66119,0.65392,0.65538,0
2023-12-13,0.65539,0.67281,0.65409,0.67119,0
2023-12-14,0.67117,0.67257,0.66815,0.6717,0
2023-12-15,0.67171,0.6728,0.66626,0.67001,0
2023-12-17,0.66956,0.67191,0.66925,0.67132,0
2023-12-18,0.67132,0.67349,0.66899,0.67231,0
2023-12-19,0.6723,0.67764,0.6706,0.67721,0
2023-12-20,0.6772,0.67787,0.67231,0.67466,0
2023-12-21,0.67464,0.68032,0.67381,0.67819,0
2023-12-22,0.67818,0.68245,0.67727,0.67957,0
2023-12-24,0.67816,0.6799,0.67684,0.67881,0
2023-12-25,0.67881,0.68154,0.67723,0.6814,0
2023-12-26,0.6814,0.68402,0.67969,0.68359,0
2023-12-27,0.6836,0.68706,0.68238,0.68411,0
2023-12-28,0.68412,0.68644,0.68222,0.68388,0
2023-12-29,0.68388,0.68453,0.67806,0.68082,0
2024-01-01,0.68043,0.68222,0.68016,0.68186,0
2024-01-02,0.68187,0.68386,0.67503,0.67625,0
2024-01-03,0.67623,0.67702,0.67015,0.6739,0
2024-01-04,0.67391,0.67594,0.66961,0.6698,0
2024-01-05,0.66978,0.67475,0.664,0.67129,0
2024-01-07,0.67148,0.67342,0.66959,0.66977,0
2024-01-08,0.66977,0.67342,0.66771,0.67169,0
2024-01-09,0.67168,0.67187,0.66766,0.67022,0
2024-01-10,0.67022,0.67252,0.66856,0.67193,0
2024-01-11,0.67192,0.67258,0.66466,0.67031,0
2024-01-12,0.6703,0.67283,0.66774,0.66856,0
2024-01-14,0.66819,0.6704,0.66802,0.66926,0
2024-01-15,0.66924,0.66935,0.66099,0.66142,0
2024-01-16,0.66142,0.66327,0.65669,0.65705,0
2024-01-17,0.65704,0.6571,0.65245,0.65568,0
2024-01-18,0.65567,0.65887,0.65432,0.65772,0
2024-01-19,0.65772,0.66012,0.65647,0.65935,0
2024-01-21,0.65885,0.66132,0.65883,0.65937,0
2024-01-22,0.65938,0.66017,0.65646,0.66,0
2024-01-23,0.66001,0.6612,0.65512,0.6574,0
2024-01-24,0.65739,0.66206,0.65654,0.65743,0
2024-01-25,0.65742,0.66092,0.657,0.65866,0
2024-01-26,0.65868,0.66092,0.65718,0.65718,0
2024-01-28,0.6571,0.65946,0.65691,0.65893,0
2024-01-29,0.65892,0.66242,0.65809,0.66073,0
2024-01-30,0.66073,0.66181,0.65587,0.65724,0
2024-01-31,0.65722,0.66222,0.65488,0.65525,0
2024-02-01,0.65523,0.6599,0.65076,0.65959,0
2024-02-02,0.65958,0.66099,0.65018,0.65099,0
2024-02-04,0.651,0.65144,0.64855,0.65069,0
2024-02-05,0.6507,0.65198,0.64682,0.65133,0
2024-02-06,0.65132,0.65398,0.64867,0.65276,0
2024-02-07,0.65277,0.65372,0.65147,0.6522,0
2024-02-08,0.65218,0.65248,0.648,0.64908,0
2024-02-09,0.64908,0.65338,0.64907,0.65213,0
2024-02-11,0.65134,0.65295,0.651,0.65165,0
2024-02-12,0.65163,0.65426,0.65118,0.65144,0
2024-02-13,0.65142,0.65405,0.64422,0.64625,0
2024-02-14,0.64626,0.6501,0.64621,0.64841,0
2024-02-15,0.6484,0.6529,0.64838,0.65166,0
2024-02-16,0.65165,0.65442,0.6496,0.65279,0
2024-02-18,0.65245,0.65515,0.65245,0.65417,0
2024-02-19,0.65417,0.6547,0.6521,0.65299,0
2024-02-20,0.65298,0.65786,0.65261,0.6567,0
2024-02-21,0.65672,0.65729,0.65328,0.65578,0
2024-02-22,0.65577,0.65946,0.654,0.65717,0
2024-02-23,0.65718,0.65801,0.65507,0.65619,0
2024-02-25,0.65643,0.65664,0.65488,0.65559,0
2024-02-26,0.65557,0.65583,0.65245,0.65433,0
2024-02-27,0.6543,0.65574,0.65157,0.65178,0
2024-02-28,0.65175,0.65215,0.64883,0.65178,0
2024-02-29,0.65182,0.65306,0.64866,0.65078,0
2024-03-01,0.6508,0.65336,0.6489,0.65251,0
2024-03-03,0.65211,0.6535,0.65181,0.65194,0
2024-03-04,0.65195,0.65271,0.64972,0.65011,0
2024-03-05,0.65011,0.65205,0.6477,0.65137,0
2024-03-06,0.6514,0.65881,0.6512,0.65843,0
2024-03-07,0.65841,0.66302,0.65733,0.66246,0
2024-03-08,0.66245,0.66671,0.66154,0.66218,0
2024-03-10,0.66208,0.66264,0.66066,0.66102,0
2024-03-11,0.66101,0.66208,0.65963,0.66141,0
2024-03-12,0.66141,0.66383,0.65839,0.66129,0
2024-03-13,0.66127,0.66347,0.66029,0.66148,0
2024-03-14,0.66147,0.66292,0.65569,0.65656,0
2024-03-15,0.65657,0.65739,0.65517,0.65569,0
2024-03-17,0.65571,0.65688,0.65535,0.65654,0
2024-03-18,0.65655,0.65736,0.65258,0.65279,0
2024-03-19,0.65279,0.65408,0.65036,0.65251,0
2024-03-20,0.65251,0.66277,0.65111,0.66231,0
2024-03-21,0.66231,0.66342,0.65219,0.65237,0
2024-03-22,0.65238,0.6532,0.65098,0.65128,0
2024-03-24,0.65136,0.65435,0.65097,0.65263,0
2024-03-25,0.65263,0.65543,0.65162,0.65377,0
2024-03-26,0.65377,0.65587,0.65108,0.65286,0
2024-03-27,0.65285,0.65406,0.65129,0.65307,0
2024-03-28,0.65307,0.65322,0.64849,0.65098,0
2024-03-29,0.65097,0.65324,0.65036,0.65076,0
2024-03-31,0.65119,0.65384,0.65119,0.65257,0
2024-04-01,0.65259,0.65275,0.64802,0.64873,0
2024-04-02,0.64872,0.65234,0.64846,0.65191,0
2024-04-03,0.65191,0.65822,0.65029,0.65806,0
2024-04-04,0.65807,0.66185,0.65615,0.65703,0
2024-04-05,0.65704,0.65914,0.65488,0.65773,0
2024-04-07,0.65743,0.65886,0.65589,0.65749,0
2024-04-08,0.65749,0.66121,0.65733,0.66011,0
2024-04-09,0.66012,0.6644,0.65982,0.66221,0
2024-04-10,0.66221,0.66279,0.64982,0.65168,0
2024-04-11,0.65167,0.65525,0.65085,0.6528,0
2024-04-12,0.65277,0.65308,0.64555,0.64602,0
2024-04-14,0.64639,0.64882,0.64588,0.6484,0
2024-04-15,0.64843,0.64928,0.64077,0.64178,0
2024-04-16,0.64178,0.64283,0.63886,0.64154,0
2024-04-17,0.64154,0.64562,0.64024,0.6454,0
2024-04-18,0.64538,0.64552,0.63618,0.639,0
2024-04-19,0.63901,0.64326,0.63898,0.64158,0
2024-04-21,0.64092,0.64551,0.64092,0.64369,0
2024-04-22,0.64368,0.64651,0.64241,0.64579,0
2024-04-23,0.64584,0.65293,0.64406,0.6517,0
2024-04-24,0.65169,0.65203,0.64828,0.65027,0
2024-04-25,0.65027,0.65385,0.64848,0.65225,0
2024-04-26,0.65228,0.65537,0.65168,0.65319,0
2024-04-28,0.65235,0.65677,0.6523,0.65646,0
2024-04-29,0.65647,0.65863,0.65298,0.65334,0
2024-04-30,0.65336,0.65361,0.64652,0.64674,0
2024-05-01,0.64674,0.65398,0.64648,0.65292,0
2024-05-02,0.65292,0.6585,0.65165,0.65748,0
2024-05-03,0.65747,0.66485,0.65676,0.66081,0
2024-05-05,0.66145,0.66238,0.66043,0.66148,0
2024-05-06,0.66147,0.66432,0.66095,0.66288,0
2024-05-07,0.66289,0.66297,0.65687,0.65726,0
2024-05-08,0.65726,0.65861,0.65575,0.6583,0
2024-05-09,0.6583,0.66225,0.65649,0.66058,0
2024-05-10,0.6606,0.66219,0.65956,0.66008,0
2024-05-12,0.6599,0.66064,0.65853,0.65985,0
2024-05-13,0.65987,0.66283,0.65931,0.66009,0
2024-05-14,0.66012,0.66507,0.65786,0.66469,0
2024-05-15,0.66468,0.67137,0.66279,0.66918,0
2024-05-16,0.66918,0.66919,0.66537,0.66629,0
2024-05-17,0.66628,0.67006,0.66484,0.66922,0
2024-05-19,0.66904,0.67073,0.66894,0.67012,0
2024-05-20,0.67013,0.67089,0.66461,0.66558,0
2024-05-21,0.66558,0.66848,0.66522,0.66667,0
2024-05-22,0.66663,0.6674,0.66074,0.66304,0
2024-05-23,0.66307,0.66527,0.65917,0.65954,0
2024-05-24,0.65955,0.66361,0.65939,0.66272,0
2024-05-26,0.66219,0.66375,0.66218,0.66342,0
2024-05-27,0.66342,0.66737,0.6631,0.6672,0
2024-05-28,0.6672,0.66794,0.66381,0.66516,0
2024-05-29,0.66518,0.66614,0.65997,0.66086,0
2024-05-30,0.66086,0.66472,0.65904,0.66357,0
2024-05-31,0.66357,0.66724,0.66279,0.66513,0
2024-06-02,0.6646,0.66644,0.66442,0.66465,0
2024-06-03,0.66461,0.66984,0.66321,0.66802,0
2024-06-04,0.66801,0.66835,0.66305,0.66586,0
2024-06-05,0.66583,0.6683,0.66256,0.66646,0
2024-06-06,0.66645,0.66748,0.6633,0.66703,0
2024-06-07,0.66702,0.66808,0.65785,0.65788,0
2024-06-09,0.65785,0.659,0.65753,0.65873,0
2024-06-10,0.65873,0.66118,0.65831,0.65966,0
2024-06-11,0.65966,0.66174,0.65882,0.66163,0
2024-06-12,0.66163,0.6704,0.66046,0.66551,0
2024-06-13,0.66552,0.66749,0.66203,0.66299,0
2024-06-14,0.66299,0.6633,0.6591,0.66135,0
2024-06-16,0.65979,0.66176,0.65979,0.66035,0
2024-06-17,0.66036,0.66207,0.65849,0.66073,0
2024-06-18,0.66073,0.66689,0.65995,0.66605,0
2024-06-19,0.66604,0.6677,0.66591,0.6674,0
2024-06-20,0.66742,0.66789,0.66471,0.66661,0
2024-06-21,0.6666,0.66693,0.66312,0.66398,0
2024-06-23,0.66349,0.66414,0.66257,0.66334,0
2024-06-24,0.66333,0.66673,0.66326,0.66603,0
2024-06-25,0.66604,0.66785,0.66347,0.66718,0
2024-06-26,0.66718,0.66882,0.66396,0.66609,0
2024-06-27,0.6661,0.66721,0.66195,0.66262,0
2024-06-28,0.66259,0.66841,0.66201,0.66676,0
2024-06-30,0.66792,0.66804,0.66643,0.66671,0
2024-07-01,0.66671,0.6688,0.66336,0.66419,0
2024-07-02,0.6642,0.66788,0.66378,0.66767,0
2024-07-03,0.66767,0.67331,0.66683,0.6712,0
2024-07-04,0.6712,0.67385,0.67105,0.67365,0
2024-07-05,0.67366,0.67524,0.67093,0.67471,0
2024-07-07,0.67355,0.67607,0.67346,0.67544,0
2024-07-08,0.67544,0.67546,0.67275,0.67355,0
2024-07-09,0.67356,0.67473,0.67235,0.67445,0
2024-07-10,0.67444,0.67632,0.67329,0.67606,0
2024-07-11,0.67608,0.67983,0.67503,0.67667,0
2024-07-12,0.67667,0.67933,0.67592,0.67823,0
2024-07-14,0.6769,0.67783,0.67621,0.6776,0
2024-07-15,0.67761,0.67883,0.67414,0.67475,0
2024-07-16,0.67476,0.67499,0.67143,0.67374,0
2024-07-17,0.67373,0.67544,0.67144,0.67364,0
2024-07-18,0.67364,0.67431,0.66943,0.67003,0
2024-07-19,0.67003,0.6707,0.66797,0.66834,0
2024-07-21,0.6688,0.67018,0.66622,0.66705,0
2024-07-22,0.66706,0.6672,0.6631,0.66376,0
2024-07-23,0.66375,0.66379,0.65909,0.65941,0
2024-07-24,0.65939,0.66098,0.65488,0.65519,0
2024-07-25,0.65519,0.65601,0.65125,0.65509,0
2024-07-26,0.65509,0.65681,0.65444,0.65462,0
2024-07-28,0.65474,0.6568,0.65463,0.65641,0
2024-07-29,0.65641,0.65643,0.65237,0.65534,0
2024-07-30,0.65531,0.6562,0.64817,0.64976,0
2024-07-31,0.64974,0.65555,0.64792,0.65269,0
2024-08-01,0.6527,0.65595,0.64863,0.65067,0
2024-08-02,0.65068,0.65472,0.65008,0.65093,0
2024-08-04,0.65098,0.65173,0.64819,0.6501,0
2024-08-05,0.6501,0.65399,0.63481,0.65088,0
2024-08-06,0.65087,0.65636,0.64719,0.65615,0
2024-08-07,0.65617,0.65742,0.65069,0.65598,0
2024-08-08,0.65599,0.66034,0.65426,0.6601,0
2024-08-09,0.66009,0.66049,0.65662,0.65712,0
2024-08-11,0.65664,0.65873,0.65646,0.6583,0
2024-08-12,0.65832,0.66046,0.65771,0.65921,0
2024-08-13,0.65923,0.66425,0.65856,0.66234,0
2024-08-14,0.66231,0.66422,0.65626,0.66186,0
2024-08-15,0.66185,0.66341,0.65955,0.66229,0
2024-08-16,0.66228,0.6671,0.66215,0.66672,0
2024-08-18,0.66626,0.66944,0.66568,0.66896,0
2024-08-19,0.66896,0.67379,0.66768,0.67174,0
2024-08-20,0.67173,0.6752,0.6713,0.67445,0
2024-08-21,0.67444,0.67607,0.67269,0.67321,0
2024-08-22,0.67321,0.67523,0.66967,0.67169,0
2024-08-23,0.6717,0.6798,0.67165,0.67957,0
2024-08-25,0.67868,0.67967,0.67764,0.67786,0
2024-08-26,0.67788,0.67869,0.67612,0.67834,0
2024-08-27,0.67836,0.68125,0.67693,0.68001,0
2024-08-28,0.68004,0.68031,0.67639,0.67965,0
2024-08-29,0.67966,0.68235,0.67842,0.68053,0
2024-08-30,0.68054,0.68162,0.6751,0.67638,0
2024-09-01,0.67624,0.6778,0.67569,0.67639,0
2024-09-02,0.67638,0.67944,0.67423,0.67443,0
2024-09-03,0.67442,0.67529,0.66852,0.66992,0
2024-09-04,0.66994,0.6749,0.66962,0.67227,0
2024-09-05,0.67224,0.67432,0.67133,0.67289,0
2024-09-06,0.67289,0.67669,0.66594,0.66689,0
2024-09-08,0.66644,0.66885,0.66634,0.66808,0
2024-09-09,0.66806,0.66839,0.66437,0.66581,0
2024-09-10,0.66582,0.66762,0.66407,0.66511,0
2024-09-11,0.66512,0.66875,0.66217,0.66873,0
2024-09-12,0.66872,0.67322,0.66561,0.6727,0
2024-09-13,0.67271,0.67282,0.66919,0.67022,0
2024-09-15,0.66957,0.67269,0.66955,0.67267,0
2024-09-16,0.67265,0.67535,0.67198,0.67466,0
2024-09-17,0.67465,0.67731,0.67411,0.6762,0
2024-09-18,0.6762,0.68198,0.67373,0.67927,0
2024-09-19,0.67929,0.68389,0.67859,0.68211,0
2024-09-20,0.6821,0.68284,0.67826,0.68057,0
2024-09-22,0.67956,0.68311,0.67956,0.68249,0
2024-09-23,0.68248,0.68547,0.67999,0.68467,0
2024-09-24,0.68466,0.69077,0.68135,0.68891,0
2024-09-25,0.68894,0.68959,0.68176,0.68456,0
2024-09-26,0.68455,0.69044,0.68407,0.68792,0
2024-09-27,0.68792,0.69368,0.68675,0.69009,0
2024-09-29,0.69022,0.69364,0.68947,0.69288,0
2024-09-30,0.69289,0.69418,0.68982,0.69142,0
2024-10-01,0.69141,0.6933,0.68561,0.69057,0
2024-10-02,0.69059,0.69084,0.68601,0.68641,0
2024-10-03,0.68637,0.68759,0.68296,0.68469,0
2024-10-04,0.68469,0.68497,0.67851,0.67922,0
2024-10-06,0.67869,0.68083,0.67865,0.68069,0
2024-10-07,0.68069,0.68099,0.67146,0.67323,0
2024-10-08,0.67324,0.67497,0.67183,0.67292,0
2024-10-09,0.67293,0.67616,0.67074,0.67322,0
2024-10-10,0.67323,0.67491,0.66993,0.67473,0
2024-10-11,0.67476,0.67588,0.67244,0.67485,0
2024-10-13,0.67354,0.67449,0.67217,0.67386,0
2024-10-14,0.6739,0.67433,0.67018,0.6717,0
2024-10-15,0.67169,0.67257,0.66676,0.66923,0
2024-10-16,0.66923,0.67099,0.6657,0.66861,0
2024-10-17,0.66864,0.67179,0.66717,0.67044,0
2024-10-18,0.67044,0.6719,0.66976,0.6705,0
2024-10-20,0.6703,0.6723,0.66999,0.67161,0
2024-10-21,0.67162,0.67174,0.66504,0.66839,0
2024-10-22,0.66838,0.66947,0.66622,0.66799,0
2024-10-23,0.66798,0.66807,0.66135,0.66452,0
2024-10-24,0.66449,0.66611,0.66212,0.66224,0
2024-10-25,0.66226,0.66463,0.66007,0.6601,0
2024-10-27,0.66117,0.66145,0.65792,0.65899,0
2024-10-28,0.65899,0.66099,0.656,0.65643,0
2024-10-29,0.65643,0.65806,0.65364,0.65423,0
2024-10-30,0.65423,0.65958,0.65378,0.65684,0
2024-10-31,0.65682,0.65839,0.65393,0.65757,0
2024-11-01,0.65759,0.65909,0.65535,0.6558,0
2024-11-03,0.66094,0.66186,0.65841,0.66088,0
2024-11-04,0.66088,0.66118,0.65771,0.65932,0
2024-11-05,0.65931,0.66445,0.65119,0.65426,0
2024-11-06,0.65427,0.66243,0.65202,0.66208,0
2024-11-07,0.66208,0.66874,0.66164,0.66536,0
2024-11-08,0.66537,0.66568,0.65578,0.65811,0
2024-11-10,0.6579,0.65979,0.65749,0.65924,0
2024-11-11,0.65925,0.65968,0.65491,0.65542,0
2024-11-12,0.65544,0.65581,0.65136,0.65354,0
2024-11-13,0.65355,0.65455,0.64636,0.64697,0
2024-11-14,0.64698,0.64879,0.64401,0.64651,0
2024-11-15,0.6465,0.64809,0.64424,0.64572,0
2024-11-17,0.64598,0.64785,0.64565,0.64715,0
2024-11-18,0.64714,0.65235,0.64475,0.65071,0
2024-11-19,0.65073,0.65439,0.64818,0.6527,0
2024-11-20,0.6527,0.65315,0.6484,0.65162,0
2024-11-21,0.65161,0.65319,0.64967,0.65052,0
2024-11-22,0.65053,0.65183,0.64707,0.64968,0
2024-11-24,0.65373,0.65494,0.65179,0.65241,0
2024-11-25,0.65241,0.6527,0.64334,0.64926,0
2024-11-26,0.64927,0.65072,0.64473,0.64751,0
2024-11-27,0.64749,0.65089,0.64709,0.64906,0
2024-11-28,0.64908,0.65231,0.64768,0.65162,0
2024-11-29,0.6516,0.65276,0.64954,0.65068,0
2024-12-01,0.651,0.65136,0.64903,0.64948,0
2024-12-02,0.64947,0.65104,0.64425,0.64695,0
2024-12-03,0.64693,0.65042,0.64075,0.64369,0
2024-12-04,0.64369,0.64507,0.63988,0.64319,0
2024-12-05,0.64319,0.64552,0.64191,0.64292,0
2024-12-06,0.64292,0.64444,0.63723,0.63868,0
2024-12-08,0.63881,0.64029,0.63798,0.63812,0
2024-12-09,0.63812,0.6471,0.63792,0.6384,0
2024-12-10,0.6384,0.64028,0.63648,0.63731,0
2024-12-11,0.63731,0.64185,0.63363,0.64157,0
2024-12-12,0.64157,0.6429,0.63539,0.63667,0
2024-12-13,0.63668,0.63833,0.63513,0.6357,0
2024-12-15,0.63502,0.63823,0.63502,0.63758,0
2024-12-16,0.63757,0.63775,0.63448,0.63551,0
2024-12-17,0.63555,0.63567,0.63124,0.63127,0
2024-12-18,0.63125,0.63267,0.61985,0.62247,0
2024-12-19,0.62246,0.62648,0.62142,0.62246,0
2024-12-20,0.62246,0.62739,0.62214,0.62476,0
2024-12-22,0.62558,0.62593,0.62435,0.62581,0
2024-12-23,0.62586,0.62646,0.62182,0.62391,0
2024-12-24,0.62392,0.62481,0.62191,0.62299,0
2024-12-25,0.62288,0.62537,0.62214,0.62385,0
2024-12-26,0.62387,0.62452,0.62089,0.62092,0
2024-12-27,0.62092,0.62256,0.61999,0.62146,0
2024-12-29,0.62126,0.62425,0.62105,0.62397,0
2024-12-30,0.62396,0.62464,0.62015,0.62157,0
2024-12-31,0.62156,0.62247,0.61785,0.61871,0
2025-01-01,0.61804,0.62223,0.61796,0.62166,0
2025-01-02,0.62167,0.62205,0.61917,0.62149,0
2025-01-03,0.6215,0.62248,0.61975,0.62148,0
2025-01-05,0.62094,0.62394,0.6204,0.62221,0
2025-01-06,0.62221,0.63018,0.62212,0.62576,0
2025-01-07,0.62575,0.62878,0.62114,0.62284,0
2025-01-08,0.62285,0.62356,0.61871,0.6198,0
2025-01-09,0.61981,0.62055,0.61715,0.61928,0
2025-01-10,0.61927,0.61991,0.61389,0.61426,0
2025-01-12,0.61441,0.61624,0.61306,0.61324,0
2025-01-13,0.61324,0.62025,0.61309,0.61876,0
2025-01-14,0.61876,0.62069,0.61656,0.61944,0
2025-01-15,0.61943,0.62461,0.61854,0.62053,0
2025-01-16,0.62053,0.62285,0.61916,0.61983,0
2025-01-17,0.61982,0.62268,0.61637,0.61896,0
2025-01-19,0.61964,0.62178,0.61893,0.62129,0
2025-01-20,0.62128,0.62885,0.61965,0.62472,0
2025-01-21,0.62473,0.62768,0.62139,0.62642,0
2025-01-22,0.62641,0.62951,0.62524,0.62744,0
2025-01-23,0.62745,0.63235,0.62546,0.63139,0
2025-01-24,0.63142,0.63303,0.63013,0.63097,0
2025-01-26,0.63026,0.63045,0.62823,0.62912,0
2025-01-27,0.6291,0.63074,0.62455,0.62514,0
2025-01-28,0.62516,0.62578,0.62261,0.62365,0
2025-01-29,0.62367,0.62492,0.62097,0.62239,0
2025-01-30,0.62238,0.62396,0.61984,0.62238,0
2025-01-31,0.62239,0.62621,0.62055,0.62058,0
2025-02-02,0.61611,0.61656,0.60873,0.61155,0
2025-02-03,0.61156,0.62367,0.61135,0.61937,0
2025-02-04,0.61937,0.62615,0.61702,0.62479,0
2025-02-05,0.6248,0.62964,0.6246,0.62619,0
2025-02-06,0.62619,0.62952,0.62547,0.6283,0
2025-02-07,0.62829,0.63004,0.62525,0.62696,0
2025-02-09,0.62326,0.62719,0.62326,0.62707,0
2025-02-10,0.62707,0.62869,0.62599,0.62732,0
2025-02-11,0.62733,0.63089,0.62688,0.62897,0
2025-02-12,0.62896,0.63055,0.62347,0.62935,0
2025-02-13,0.62937,0.63273,0.62544,0.632,0
2025-02-14,0.632,0.63672,0.63153,0.63475,0
2025-02-16,0.63444,0.63718,0.63444,0.63665,0
2025-02-17,0.63665,0.63734,0.63338,0.63529,0
2025-02-18,0.6353,0.63657,0.63408,0.63628,0
2025-02-19,0.63628,0.63696,0.63273,0.63615,0
2025-02-20,0.63614,0.6408,0.6361,0.63957,0
2025-02-21,0.63956,0.6397,0.63513,0.63534,0
2025-02-23,0.63603,0.63916,0.63582,0.63809,0
2025-02-24,0.63808,0.63815,0.6336,0.63491,0
2025-02-25,0.63491,0.63559,0.63216,0.63264,0
2025-02-26,0.63263,0.63389,0.6285,0.62876,0
2025-02-27,0.62876,0.63041,0.62096,0.62124,0
2025-02-28,0.62122,0.62216,0.61922,0.62025,0
2025-03-02,0.62135,0.62302,0.62077,0.62194,0
2025-03-03,0.6219,0.62541,0.61897,0.61947,0
2025-03-04,0.61945,0.62792,0.61867,0.6248,0
2025-03-05,0.62482,0.63563,0.62465,0.63467,0
2025-03-06,0.63465,0.63634,0.62999,0.63053,0
2025-03-07,0.63055,0.63212,0.62815,0.63031,0
2025-03-09,0.63068,0.63196,0.62951,0.6306,0
2025-03-10,0.63059,0.63305,0.62584,0.6277,0
2025-03-11,0.62769,0.63113,0.62622,0.62885,0
2025-03-12,0.62885,0.63334,0.62761,0.63097,0
2025-03-13,0.63097,0.63098,0.62687,0.62932,0
2025-03-14,0.62933,0.63309,0.62894,0.63207,0
2025-03-16,0.63195,0.63378,0.6315,0.63253,0
2025-03-17,0.63253,0.63905,0.63207,0.63736,0
2025-03-18,0.63738,0.63905,0.63435,0.63557,0
2025-03-19,0.63556,0.63634,0.6319,0.63433,0
2025-03-20,0.63432,0.63433,0.62707,0.62886,0
2025-03-21,0.62884,0.63001,0.62575,0.62676,0
2025-03-23,0.62664,0.62945,0.62663,0.62783,0
2025-03-24,0.62782,0.63048,0.62672,0.6286,0
2025-03-25,0.62859,0.6325,0.6278,0.63101,0
2025-03-26,0.631,0.63301,0.62785,0.63127,0
2025-03-27,0.63126,0.63178,0.62804,0.62822,0
2025-03-28,0.62823,0.63117,0.62816,0.62829,0
2025-03-30,0.62843,0.62999,0.62719,0.62802,0
2025-03-31,0.628,0.62898,0.62183,0.62479,0
2025-04-01,0.62478,0.63015,0.62424,0.62981,0
2025-04-02,0.6298,0.63403,0.62255,0.62724,0
2025-04-03,0.62722,0.63887,0.62464,0.62538,0
2025-04-04,0.62538,0.6255,0.59862,0.60372,0
2025-04-06,0.59919,0.60277,0.59319,0.60229,0
2025-04-07,0.6023,0.61267,0.59439,0.6029,0
2025-04-08,0.60284,0.60848,0.59132,0.5964,0
2025-04-09,0.59639,0.61775,0.5951,0.61747,0
2025-04-10,0.61752,0.62583,0.61353,0.62423,0
2025-04-11,0.62421,0.63003,0.61807,0.62865,0
2025-04-13,0.6303,0.63136,0.62777,0.62885,0
2025-04-14,0.62886,0.63548,0.62747,0.63529,0
2025-04-15,0.63529,0.63826,0.63215,0.63461,0
2025-04-16,0.63464,0.63911,0.63402,0.63514,0
2025-04-17,0.63517,0.63934,0.63327,0.63751,0
2025-04-18,0.63753,0.63838,0.63674,0.63731,0
2025-04-20,0.63684,0.64265,0.63659,0.64241,0
2025-04-21,0.64242,0.64387,0.63996,0.64329,0
2025-04-22,0.64329,0.64389,0.63486,0.63913,0
2025-04-23,0.63911,0.64351,0.63511,0.6359,0
2025-04-24,0.6359,0.64206,0.63432,0.64138,0
2025-04-25,0.6414,0.64147,0.6374,0.63957,0
2025-04-27,0.63835,0.64052,0.63725,0.63855,0
2025-04-28,0.63854,0.64493,0.63674,0.64156,0
2025-04-29,0.64156,0.64318,0.63744,0.63978,0
2025-04-30,0.63979,0.64268,0.63554,0.64065,0
2025-05-01,0.64066,0.64197,0.63645,0.64177,0
2025-05-02,0.64177,0.64695,0.6403,0.64414,0
2025-05-04,0.64428,0.64804,0.64338,0.64627,0
2025-05-05,0.64628,0.64934,0.64424,0.64599,0
2025-05-06,0.64599,0.65141,0.64374,0.64843,0
2025-05-07,0.64843,0.64912,0.64205,0.64565,0
2025-05-08,0.64563,0.64579,0.63703,0.64053,0
2025-05-09,0.64054,0.6432,0.63932,0.6409,0
2025-05-11,0.64284,0.64319,0.64109,0.64302,0
2025-05-12,0.643,0.64603,0.63535,0.6398,0
2025-05-13,0.63981,0.64864,0.63968,0.64758,0
2025-05-14,0.6476,0.65007,0.64196,0.64405,0
2025-05-15,0.64408,0.64434,0.639,0.64211,0
2025-05-16,0.64211,0.64356,0.63874,0.64003,0
2025-05-18,0.63957,0.64211,0.6395,0.64114,0
2025-05-19,0.64115,0.64645,0.63978,0.64472,0
2025-05-20,0.64473,0.64519,0.63912,0.64482,0
2025-05-21,0.64482,0.64688,0.64264,0.64423,0
2025-05-22,0.64423,0.64582,0.64067,0.64335,0
2025-05-23,0.64332,0.64991,0.64274,0.64925,0
2025-05-25,0.64824,0.6537,0.64821,0.6521,0
2025-05-26,0.65209,0.65303,0.64746,0.64777,0
2025-05-27,0.64777,0.64876,0.64251,0.64436,0
2025-05-28,0.64437,0.64488,0.64067,0.6424,0
2025-05-29,0.64239,0.64597,0.64163,0.64259,0
2025-05-30,0.64263,0.64474,0.64071,0.64283,0
2025-06-01,0.64326,0.64724,0.64307,0.64509,0
2025-06-02,0.64511,0.64999,0.64481,0.64652,0
2025-06-03,0.64649,0.64797,0.64439,0.64631,0
2025-06-04,0.64631,0.65089,0.64501,0.64873,0
2025-06-05,0.64872,0.65375,0.64862,0.65005,0
2025-06-06,0.65003,0.65063,0.64791,0.64877,0
2025-06-08,0.6496,0.65178,0.64934,0.65113,0
2025-06-09,0.65114,0.65334,0.65011,0.65276,0
2025-06-10,0.65278,0.65328,0.64895,0.65143,0
2025-06-11,0.65144,0.65455,0.64834,0.65019,0
2025-06-12,0.65021,0.65332,0.64559,0.64806,0
2025-06-13,0.64807,0.65191,0.64619,0.64821,0
2025-06-15,0.64801,0.6496,0.64661,0.64732,0
2025-06-16,0.64731,0.65516,0.64731,0.65313,0
2025-06-17,0.65314,0.65435,0.64656,0.64912,0
2025-06-18,0.64911,0.65371,0.64748,0.64917,0
2025-06-19,0.64918,0.64937,0.64452,0.64915,0
2025-06-20,0.64915,0.64951,0.64445,0.64445,0
2025-06-22,0.6424,0.64482,0.63973,0.64027,0
2025-06-23,0.64027,0.64963,0.6372,0.64903,0
2025-06-24,0.64905,0.65191,0.64849,0.64978,0
2025-06-25,0.64977,0.65359,0.64839,0.65323,0
2025-06-26,0.65322,0.65635,0.65177,0.65479,0
2025-06-27,0.65478,0.65604,0.65077,0.65271,0
2025-06-29,0.65319,0.65431,0.65268,0.6532,0
2025-06-30,0.65318,0.65835,0.65224,0.65674,0
2025-07-01,0.65676,0.65899,0.65607,0.65796,0
2025-07-02,0.65797,0.65883,0.65429,0.65665,0
2025-07-03,0.65663,0.65836,0.65366,0.65693,0
2025-07-04,0.65692,0.65781,0.65453,0.65454,0
2025-07-06,0.65555,0.65558,0.65119,0.65153,0
2025-07-07,0.65152,0.65195,0.64849,0.65129,0
2025-07-08,0.65128,0.65576,0.65074,0.65221,0
2025-07-09,0.65223,0.65512,0.65141,0.65435,0
2025-07-10,0.65436,0.65947,0.65377,0.65851,0
2025-07-11,0.65851,0.65906,0.65694,0.65736,0
2025-07-13,0.65605,0.65871,0.65576,0.65678,0
2025-07-14,0.65676,0.65751,0.65387,0.65462,0
2025-07-15,0.65462,0.65753,0.65074,0.65224,0
2025-07-16,0.65224,0.65539,0.64725,0.6487,0
2025-07-17,0.64872,0.65103,0.64539,0.65021,0
2025-07-18,0.65022,0.65404,0.64974,0.65049,0
2025-07-20,0.65165,0.65171,0.64975,0.65074,0
2025-07-21,0.65076,0.6537,0.65057,0.65193,0
2025-07-22,0.65192,0.65681,0.65034,0.65616,0
2025-07-23,0.65616,0.66192,0.6561,0.66145,0
2025-07-24,0.66145,0.66247,0.65785,0.6584,0
2025-07-25,0.65841,0.65878,0.65504,0.65643,0
2025-07-27,0.65714,0.65854,0.65655,0.65675,0
2025-07-28,0.65674,0.6569,0.65109,0.65195,0
2025-07-29,0.65195,0.65285,0.64956,0.65184,0
2025-07-30,0.65186,0.65192,0.64255,0.64563,0
2025-07-31,0.64564,0.64759,0.6421,0.64356,0
2025-08-01,0.64357,0.64929,0.64185,0.64684,0
2025-08-03,0.64645,0.64838,0.64606,0.64815,0
2025-08-04,0.64814,0.64893,0.64537,0.64544,0
2025-08-05,0.64544,0.64904,0.64493,0.64883,0
2025-08-06,0.64882,0.65139,0.64838,0.65109,0
2025-08-07,0.65108,0.65409,0.64891,0.65209,0
2025-08-08,0.6521,0.65345,0.65139,0.65202,0
2025-08-10,0.65197,0.65266,0.65131,0.65256,0
2025-08-11,0.65254,0.65281,0.65008,0.65182,0
2025-08-12,0.65181,0.654,0.64814,0.65282,0
2025-08-13,0.6528,0.65684,0.6527,0.65473,0
2025-08-14,0.65473,0.65529,0.64823,0.6502,0
2025-08-15,0.6502,0.65224,0.64977,0.65035,0
2025-08-17,0.65073,0.65205,0.65054,0.65197,0
2025-08-18,0.65196,0.65239,0.6481,0.64866,0
2025-08-19,0.64865,0.64957,0.64287,0.64322,0
2025-08-20,0.64321,0.64488,0.64182,0.64213,0
2025-08-21,0.64213,0.64319,0.64068,0.64221,0
2025-08-22,0.64223,0.65006,0.64147,0.64875,0
2025-08-24,0.64896,0.64944,0.64711,0.64865,0
2025-08-25,0.64867,0.65046,0.64706,0.64725,0
2025-08-26,0.64722,0.65039,0.64694,0.64879,0
2025-08-27,0.64879,0.65216,0.6462,0.65141,0
2025-08-28,0.6514,0.65417,0.65053,0.65359,0
2025-08-29,0.6536,0.65482,0.65224,0.65364,0
2025-08-31,0.65429,0.65487,0.65347,0.65469,0
2025-09-01,0.65469,0.65597,0.65345,0.654,0
2025-09-02,0.65403,0.65431,0.64826,0.65176,0
2025-09-03,0.65177,0.65541,0.65017,0.65327,0
2025-09-04,0.65328,0.65346,0.64979,0.65303,0
2025-09-05,0.65304,0.65884,0.65262,0.65521,0
2025-09-07,0.65495,0.65672,0.65456,0.65591,0
2025-09-08,0.65591,0.6604,0.65541,0.6599,0
2025-09-09,0.65991,0.66193,0.65793,0.66038,0
2025-09-10,0.6604,0.66352,0.65943,0.66127,0
2025-09-11,0.66126,0.66685,0.65895,0.66616,0
2025-09-12,0.66616,0.66655,0.66303,0.66483,0
2025-09-14,0.66275,0.66647,0.66275,0.66604,0
2025-09-15,0.66605,0.66762,0.66513,0.66685,0
2025-09-16,0.66684,0.66894,0.66595,0.66759,0
2025-09-17,0.66756,0.67065,0.66329,0.6642,0
2025-09-18,0.66422,0.66594,0.65992,0.66114,0
2025-09-19,0.66116,0.66144,0.65854,0.65892,0
2025-09-21,0.65878,0.65968,0.65802,0.65935,0
2025-09-22,0.65935,0.66022,0.65746,0.65871,0
2025-09-23,0.65872,0.66227,0.65809,0.6615,0
2025-09-24,0.66152,0.66276,0.65741,0.6599,0
2025-09-25,0.65992,0.66035,0.65255,0.6542,0
2025-09-26,0.65419,0.65511,0.652,0.65438,0
2025-09-28,0.65441,0.65667,0.65439,0.65663,0
2025-09-29,0.65662,0.65956,0.65591,0.65881,0
2025-09-30,0.65881,0.66281,0.65749,0.65942,0
2025-10-01,0.65944,0.66286,0.65912,0.66151,0
2025-10-02,0.66151,0.66241,0.65764,0.65977,0
2025-10-03,0.65975,0.66137,0.65885,0.66008,0
2025-10-05,0.65809,0.66132,0.65803,0.6608,0
2025-10-06,0.66081,0.6624,0.65898,0.66185,0
2025-10-07,0.66186,0.66194,0.65576,0.65664,0
2025-10-08,0.65664,0.66012,0.6556,0.66006,0
2025-10-09,0.66007,0.66119,0.65396,0.6568,0
2025-10-10,0.65681,0.65687,0.64696,0.64696,0
2025-10-12,0.65105,0.65325,0.64907,0.65165,0
2025-10-13,0.65165,0.65279,0.64918,0.64976,0
2025-10-14,0.64977,0.6516,0.64399,0.65123,0
2025-10-15,0.65122,0.65231,0.6479,0.64866,0
2025-10-16,0.64865,0.65126,0.64619,0.64664,0
2025-10-17,0.64664,0.65022,0.64429,0.64915,0
2025-10-19,0.64896,0.65146,0.6487,0.65031,0
2025-10-20,0.65033,0.65246,0.64839,0.65048,0
2025-10-21,0.65046,0.65048,0.64724,0.64946,0
2025-10-22,0.64945,0.65117,0.64778,0.64791,0
2025-10-23,0.6479,0.65174,0.64789,0.65055,0
2025-10-24,0.65054,0.65285,0.64924,0.65108,0
2025-10-26,0.65399,0.65435,0.65275,0.65316,0
2025-10-27,0.65317,0.65639,0.65306,0.65631,0
2025-10-28,0.65631,0.66071,0.6544,0.65956,0
2025-10-29,0.65956,0.66172,0.65565,0.65935,0
2025-10-30,0.65937,0.65955,0.65322,0.65497,0
2025-10-31,0.65493,0.65525,0.65327,0.65404,0
2025-11-02,0.65421,0.65555,0.65377,0.65535,0
2025-11-03,0.65535,0.65622,0.65169,0.65309,0
2025-11-04,0.6531,0.65317,0.64583,0.64916,0
2025-11-05,0.64917,0.65175,0.64733,0.65129,0
2025-11-06,0.65128,0.65182,0.64628,0.64746,0
2025-11-07,0.64748,0.64987,0.64679,0.64901,0
2025-11-09,0.64946,0.65246,0.64884,0.65242,0
2025-11-10,0.65241,0.65398,0.65142,0.65231,0
2025-11-11,0.6523,0.65377,0.6512,0.65204,0
2025-11-12,0.65202,0.6565,0.65176,0.65564,0
2025-11-13,0.65564,0.65799,0.65235,0.65323,0
2025-11-14,0.65322,0.6551,0.65032,0.6535,0
2025-11-16,0.65308,0.65355,0.65115,0.6522,0
2025-11-17,0.65222,0.65371,0.64645,0.64803,0
2025-11-18,0.64801,0.6518,0.64741,0.64824,0
2025-11-19,0.64824,0.64971,0.64507,0.64856,0
2025-11-20,0.64856,0.65023,0.64358,0.64449,0
2025-11-21,0.64448,0.64604,0.6421,0.64539,0
2025-11-23,0.64559,0.64656,0.64488,0.64598,0
2025-11-24,0.64599,0.64687,0.64417,0.64535,0
2025-11-25,0.64536,0.65048,0.64358,0.65019,0
2025-11-26,0.65017,0.6536,0.64835,0.65349,0
2025-11-27,0.6535,0.65407,0.65212,0.65318,0
2025-11-28,0.65317,0.65588,0.65199,0.65491,0
2025-11-30,0.65384,0.65566,0.65357,0.65436,0
2025-12-01,0.65437,0.6566,0.65361,0.65488,0
2025-12-02,0.65487,0.65799,0.65431,0.65799,0
2025-12-03,0.65797,0.66144,0.65735,0.66131,0
2025-12-04,0.66132,0.66237,0.66027,0.66188,0
2025-12-05,0.66187,0.66485,0.66182,0.66382,0
2025-12-07,0.66321,0.66481,0.66266,0.6644,0
2025-12-08,0.66441,0.66488,0.66078,0.66447,0
2025-12-09,0.66449,0.66541,0.66284,0.66397,0
2025-12-10,0.66397,0.66855,0.6629,0.66378,0
2025-12-11,0.66377,0.66754,0.66261,0.66598,0
2025-12-12,0.66597,0.66767,0.6632,0.66502,0
2025-12-14,0.66404,0.66547,0.66316,0.66443,0
2025-12-15,0.66443,0.66561,0.66178,0.66362,0
2025-12-16,0.66362,0.66608,0.66151,0.66157,0
2025-12-17,0.66158,0.66283,0.6592,0.66012,0
2025-12-18,0.66015,0.66305,0.65997,0.66083,0
2025-12-19,0.66083,0.66247,0.65997,0.66068,0
2025-12-21,0.66113,0.66279,0.66053,0.66271,0
2025-12-22,0.66271,0.66704,0.66236,0.66682,0
2025-12-23,0.6668,0.67131,0.66639,0.67078,0
2025-12-24,0.67076,0.67171,0.66972,0.67103,0
2025-12-25,0.67104,0.67175,0.66933,0.67067,0
2025-12-26,0.67068,0.67243,0.66967,0.6714,0
2025-12-28,0.66984,0.67271,0.66956,0.67212,0
2025-12-29,0.6721,0.67234,0.66826,0.67099,0
2025-12-30,0.671,0.67175,0.66876,0.66913,0
2025-12-31,0.66912,0.66943,0.66593,0.66733,0
