time,open,high,low,close,volume,real_volume
2022-02-28,1.11255,1.12466,1.11247,1.12191,99898,0
2022-03-01,1.12182,1.12332,1.10897,1.11236,83611,0
2022-03-02,1.1123,1.1143399999999999,1.10575,1.11197,92037,0
2022-03-03,1.11179,1.11217,1.10338,1.10659,72035,0
2022-03-04,1.10662,1.10679,1.08854,1.09334,89192,0
2022-03-07,1.09274,1.09323,1.08061,1.0854300000000001,120245,0
2022-03-08,1.0854,1.09583,1.08481,1.08964,113166,0
2022-03-09,1.08973,1.10952,1.08901,1.10754,85122,0
2022-03-10,1.10752,1.11214,1.09763,1.09888,92000,0
2022-03-11,1.09814,1.10436,1.0902,1.09123,83902,0
2022-03-14,1.09216,1.0994,1.09008,1.09403,77710,0
2022-03-15,1.09406,1.1019700000000001,1.09261,1.09542,84575,0
2022-03-16,1.09536,1.10467,1.0948,1.10345,91053,0
2022-03-17,1.10348,1.11376,1.10079,1.10911,68083,0
2022-03-18,1.10906,1.11185,1.10032,1.10507,66772,0
2022-03-21,1.10562,1.10701,1.10103,1.10168,60220,0
2022-03-22,1.10161,1.10458,1.0961,1.10245,69235,0
2022-03-23,1.10233,1.1044100000000001,1.0964,1.10057,59749,0
2022-03-24,1.10029,1.1014,1.0966,1.0997,63684,0
2022-03-25,1.09964,1.10378,1.0981,1.09834,65437,0
2022-03-28,1.09849,1.09996,1.09448,1.09864,77140,0
2022-03-29,1.09804,1.11371,1.09697,1.10862,91498,0
2022-03-30,1.10864,1.11711,1.10806,1.1158,84389,0
2022-03-31,1.11576,1.11849,1.1061,1.10662,79090,0
2022-04-01,1.10669,1.10764,1.10281,1.10488,66841,0
2022-04-04,1.10321,1.10545,1.09608,1.09722,52896,0
2022-04-05,1.09716,1.09887,1.09,1.09057,57091,0
2022-04-06,1.09047,1.0937999999999999,1.08746,1.08964,70565,0
2022-04-07,1.08927,1.09385,1.0865,1.08801,67239,0
2022-04-08,1.08764,1.08918,1.08365,1.08765,58440,0
2022-04-11,1.092,1.09333,1.08728,1.08835,60582,0
2022-04-12,1.08832,1.09037,1.08214,1.0826,71737,0
2022-04-13,1.08276,1.08943,1.08089,1.08917,62443,0
2022-04-14,1.08763,1.09232,1.07576,1.08293,75731,0
2022-04-15,1.08278,1.08302,1.07965,1.0809,37779,0
2022-04-18,1.08019,1.08217,1.077,1.07809,44474,0
2022-04-19,1.07823,1.08146,1.07613,1.0789,63297,0
2022-04-20,1.07874,1.0867,1.0783,1.0854300000000001,74475,0
2022-04-21,1.0847,1.09363,1.08237,1.08321,74294,0
2022-04-22,1.0836999999999999,1.08516,1.07708,1.07969,74335,0
2022-04-25,1.08078,1.08138,1.06968,1.07117,91677,0
2022-04-26,1.07126,1.07387,1.06359,1.06373,76212,0
2022-04-27,1.06376,1.06548,1.05146,1.05586,85237,0
2022-04-28,1.05538,1.05648,1.04714,1.04983,97415,0
2022-04-29,1.04977,1.05929,1.04912,1.05427,82571,0
2022-05-02,1.05564,1.05684,1.04903,1.05074,70307,0
2022-05-03,1.05024,1.05777,1.04923,1.05193,69449,0
2022-05-04,1.05194,1.06311,1.0506199999999999,1.06193,77867,0
2022-05-05,1.06199,1.0642,1.04928,1.05392,97205,0
2022-05-06,1.05394,1.0599,1.04828,1.05446,111507,0
2022-05-09,1.05405,1.05926,1.04952,1.05582,91214,0
2022-05-10,1.05582,1.05855,1.05255,1.05299,95552,0
2022-05-11,1.05266,1.05772,1.0502,1.05138,94809,0
2022-05-12,1.05132,1.05294,1.03542,1.03795,102129,0
2022-05-13,1.03794,1.04198,1.03495,1.04074,77620,0
2022-05-16,1.04078,1.04432,1.03891,1.04342,63446,0
2022-05-17,1.04347,1.05557,1.04286,1.05505,78494,0
2022-05-18,1.05486,1.05639,1.04604,1.04608,70913,0
2022-05-19,1.04636,1.06072,1.0461,1.05834,97976,0
2022-05-20,1.05836,1.05989,1.05329,1.05621,74622,0
2022-05-23,1.05606,1.06974,1.05571,1.06921,71492,0
2022-05-24,1.06898,1.07486,1.06609,1.07359,75235,0
2022-05-25,1.07366,1.07391,1.06423,1.06786,76501,0
2022-05-26,1.06808,1.0731600000000001,1.06625,1.07292,66718,0
2022-05-27,1.07224,1.0765,1.0697,1.07312,65510,0
2022-05-30,1.07332,1.0787,1.07251,1.07798,49220,0
2022-05-31,1.07788,1.07794,1.06791,1.07324,84835,0
2022-06-01,1.07354,1.07394,1.06274,1.06527,73925,0
2022-06-02,1.06453,1.07502,1.06447,1.07462,64371,0
2022-06-03,1.07461,1.07642,1.07043,1.07188,60060,0
2022-06-06,1.07168,1.0752,1.0684,1.06958,59433,0
2022-06-07,1.06956,1.07144,1.06521,1.07049,73340,0
2022-06-08,1.07052,1.07485,1.06715,1.07163,70080,0
2022-06-09,1.07164,1.0774,1.06113,1.0618,82691,0
2022-06-10,1.06166,1.06423,1.05059,1.0519,88645,0
2022-06-13,1.05152,1.0520100000000001,1.03999,1.0408,105177,0
2022-06-14,1.0407,1.04848,1.0397,1.04175,104731,0
2022-06-15,1.04155,1.05078,1.0359,1.04472,124998,0
2022-06-16,1.04422,1.06014,1.03809,1.05505,124776,0
2022-06-17,1.05488,1.05601,1.04444,1.04953,111793,0
2022-06-20,1.04771,1.0546,1.04748,1.05109,71406,0
2022-06-21,1.05098,1.05827,1.05071,1.05347,76026,0
2022-06-22,1.0533,1.06056,1.0469,1.05688,93110,0
2022-06-23,1.0566,1.0581,1.04828,1.05211,106561,0
2022-06-24,1.05234,1.05713,1.05121,1.05554,79697,0
2022-06-27,1.05489,1.06149,1.05489,1.05819,80714,0
2022-06-28,1.05846,1.06062,1.05036,1.05207,85658,0
2022-06-29,1.05188,1.05355,1.04352,1.04413,89544,0
2022-06-30,1.04403,1.04885,1.03827,1.04835,91530,0
2022-07-01,1.04839,1.0485,1.03655,1.04246,92486,0
2022-07-04,1.04193,1.04628,1.04168,1.04227,58145,0
2022-07-05,1.04202,1.0449,1.02352,1.02641,90261,0
2022-07-06,1.02681,1.02765,1.01618,1.01813,99216,0
2022-07-07,1.01808,1.0221,1.01442,1.01614,82592,0
2022-07-08,1.01632,1.01915,1.00719,1.01854,89370,0
2022-07-11,1.01788,1.0185,1.00338,1.00407,85258,0
2022-07-12,1.004,1.00738,1.0,1.0036,96807,0
2022-07-13,1.00378,1.01217,0.9998,1.00576,104420,0
2022-07-14,1.00604,1.00604,0.99522,1.00208,107038,0
2022-07-15,1.00129,1.00979,1.00068,1.00875,85034,0
2022-07-18,1.00815,1.02013,1.00786,1.01439,75726,0
2022-07-19,1.01409,1.02694,1.01197,1.02229,83025,0
2022-07-20,1.02233,1.02732,1.01555,1.01819,75934,0
2022-07-21,1.01757,1.0278,1.01535,1.02279,90201,0
2022-07-22,1.02287,1.02555,1.01298,1.02143,83352,0
2022-07-25,1.02091,1.02578,1.01791,1.02183,78900,0
2022-07-26,1.02202,1.025,1.01075,1.01177,71866,0
2022-07-27,1.01147,1.02207,1.00967,1.01989,77940,0
2022-07-28,1.01997,1.02343,1.01141,1.01967,93603,0
2022-07-29,1.01972,1.02541,1.01461,1.02265,88464,0
2022-08-01,1.02134,1.02753,1.02055,1.02605,80317,0
2022-08-02,1.02586,1.02939,1.01635,1.0166,98515,0
2022-08-03,1.01652,1.02098,1.01229,1.01687,85949,0
2022-08-04,1.01632,1.02539,1.01546,1.02454,78798,0
2022-08-05,1.0245,1.02523,1.01417,1.01781,75394,0
2022-08-08,1.01742,1.0222,1.01593,1.0193699999999999,64542,0
2022-08-09,1.01946,1.02475,1.01887,1.02132,53941,0
2022-08-10,1.02124,1.03686,1.02022,1.02978,72874,0
2022-08-11,1.02994,1.03644,1.02755,1.03197,75418,0
2022-08-12,1.03174,1.03276,1.02383,1.02589,64137,0
2022-08-15,1.02547,1.02683,1.01546,1.01592,60426,0
2022-08-16,1.016,1.01947,1.01225,1.01705,68089,0
2022-08-17,1.01705,1.02028,1.01455,1.01774,80174,0
2022-08-18,1.01794,1.01931,1.00796,1.00866,74681,0
2022-08-19,1.00822,1.00955,1.00319,1.0041,67153,0
2022-08-22,1.00363,1.00466,0.99263,0.99422,71631,0
2022-08-23,0.99429,1.00182,0.99004,0.99677,84075,0
2022-08-24,0.99692,0.9999,0.99102,0.99679,71726,0
2022-08-25,0.99645,1.00336,0.99491,0.99742,73308,0
2022-08-26,0.9974,1.00899,0.99468,0.9965,78640,0
2022-08-29,0.99644,1.00291,0.99141,0.99977,81731,0
2022-08-30,0.99931,1.00549,0.9982,1.00152,88347,0
2022-08-31,1.00135,1.00791,0.99712,1.00524,84356,0
2022-09-01,1.00517,1.0054400000000001,0.9911,0.9945,84698,0
2022-09-02,0.99443,1.00336,0.99409,0.99564,82304,0
2022-09-05,0.99208,0.9944,0.98781,0.99314,64341,0
2022-09-06,0.99226,0.99863,0.9864,0.99066,92375,0
2022-09-07,0.99036,1.00108,0.98757,1.00063,83951,0
2022-09-08,1.00074,1.00299,0.99308,0.99984,92217,0
2022-09-09,0.99948,1.01133,0.99929,1.00406,82108,0
2022-09-12,1.01042,1.01978,1.006,1.01218,82761,0
2022-09-13,1.01223,1.01872,0.9967,0.99672,84739,0
2022-09-14,0.99697,1.00237,0.99556,0.99795,94218,0
2022-09-15,0.99804,1.00179,0.99559,0.99964,74206,0
2022-09-16,0.99969,1.00366,0.99452,1.00142,81620,0
2022-09-19,1.00066,1.00292,0.99662,1.00249,62316,0
2022-09-20,1.00212,1.00506,0.99553,0.99697,77552,0
2022-09-21,0.99704,0.99757,0.98132,0.98369,96508,0
2022-09-22,0.98366,0.99074,0.98088,0.98341,112302,0
2022-09-23,0.98293,0.98519,0.96682,0.96885,102752,0
2022-09-26,0.96672,0.97099,0.9553,0.96086,144284,0
2022-09-27,0.96094,0.96707,0.95693,0.95938,108749,0
2022-09-28,0.95931,0.9751,0.95362,0.97365,133998,0
2022-09-29,0.973,0.98152,0.96358,0.98133,121735,0
2022-09-30,0.98158,0.9854,0.9735,0.9801,122275,0
2022-10-03,0.97756,0.98447,0.97528,0.98247,108221,0
2022-10-04,0.98226,0.99996,0.98062,0.99862,103369,0
2022-10-05,0.9983,0.99951,0.98348,0.98858,85985,0
2022-10-06,0.98705,0.99265,0.97884,0.97911,96421,0
2022-10-07,0.97895,0.98168,0.9726,0.97407,88083,0
2022-10-10,0.97285,0.97533,0.96816,0.97032,76695,0
2022-10-11,0.96931,0.97747,0.96706,0.97048,93300,0
2022-10-12,0.97061,0.9735,0.9668,0.97024,90315,0
2022-10-13,0.97023,0.9806,0.96316,0.97773,97231,0
2022-10-14,0.97703,0.98086,0.97072,0.97241,99732,0
2022-10-17,0.97218,0.98521,0.9717,0.9844,81992,0
2022-10-18,0.98352,0.98758,0.98128,0.98601,86456,0
2022-10-19,0.98482,0.98726,0.97573,0.97721,81386,0
2022-10-20,0.97726,0.98455,0.97546,0.97877,91917,0
2022-10-21,0.97837,0.9869,0.9705,0.98611,111298,0
2022-10-24,0.9873,0.98994,0.98069,0.98731,112500,0
2022-10-25,0.98734,0.99768,0.98486,0.99678,84841,0
2022-10-26,0.9961,1.00886,0.99437,1.00833,92009,0
2022-10-27,1.00783,1.00938,0.99576,0.99649,96715,0
2022-10-28,0.99642,0.99982,0.99268,0.99658,87479,0
2022-10-31,0.99463,0.99658,0.98729,0.98825,71352,0
2022-11-01,0.98724,0.99536,0.9853,0.98739,81909,0
2022-11-02,0.98749,0.99758,0.9813,0.98144,88357,0
2022-11-03,0.98144,0.98396,0.97302,0.97499,90768,0
2022-11-04,0.9744,0.99665,0.97426,0.99581,102288,0
2022-11-07,0.99047,1.0034,0.9901,1.0021,92601,0
2022-11-08,1.00194,1.00965,0.99715,1.00728,81131,0
2022-11-09,1.00707,1.00883,0.99929,1.00118,99500,0
2022-11-10,1.00067,1.0222,0.99356,1.0208,108580,0
2022-11-11,1.02079,1.03642,1.01631,1.03528,113242,0
2022-11-14,1.03341,1.03586,1.02714,1.03256,102085,0
2022-11-15,1.03263,1.04815,1.02801,1.03467,118440,0
2022-11-16,1.03476,1.04386,1.03309,1.03942,104821,0
2022-11-17,1.03934,1.04067,1.03053,1.03648,92529,0
2022-11-18,1.0359099999999999,1.03961,1.03137,1.03225,78526,0
2022-11-21,1.03217,1.0333,1.02228,1.02406,80409,0
2022-11-22,1.02404,1.03082,1.02378,1.03024,70733,0
2022-11-23,1.03033,1.04052,1.02966,1.03945,78456,0
2022-11-24,1.03951,1.04486,1.0382,1.04114,60721,0
2022-11-25,1.04061,1.04293,1.03548,1.03935,68500,0
2022-11-28,1.03703,1.04967,1.03302,1.034,87050,0
2022-11-29,1.03378,1.03944,1.03201,1.0329,85055,0
2022-11-30,1.03272,1.04288,1.0290300000000001,1.04084,93585,0
2022-12-01,1.04044,1.05338,1.03934,1.05258,101667,0
2022-12-02,1.05152,1.0545,1.04284,1.05405,91488,0
2022-12-05,1.05278,1.05949,1.04802,1.04932,87911,0
2022-12-06,1.04865,1.0533,1.04594,1.04674,86527,0
2022-12-07,1.04629,1.05499,1.04432,1.0506,88489,0
2022-12-08,1.0506199999999999,1.05649,1.04896,1.0555,78488,0
2022-12-09,1.05549,1.05884,1.05036,1.05349,80013,0
2022-12-12,1.05259,1.058,1.0506199999999999,1.05383,70370,0
2022-12-13,1.05295,1.0673300000000001,1.0528,1.06324,86530,0
2022-12-14,1.06317,1.06952,1.0619,1.06816,91153,0
2022-12-15,1.0682,1.07366,1.05923,1.06263,87112,0
2022-12-16,1.06233,1.06629,1.0585,1.05856,78003,0
2022-12-19,1.05894,1.0658,1.05759,1.06073,66717,0
2022-12-20,1.0605,1.06586,1.0579,1.06232,96053,0
2022-12-21,1.0624,1.06452,1.05904,1.06038,70774,0
2022-12-22,1.06046,1.0659399999999999,1.05733,1.05983,71654,0
2022-12-23,1.05938,1.06331,1.05867,1.0616,67483,0
2022-12-27,1.06354,1.06695,1.06115,1.0639,57406,0
2022-12-28,1.06395,1.06746,1.06068,1.06125,60214,0
2022-12-29,1.06117,1.06905,1.06054,1.06621,57401,0
2022-12-30,1.06608,1.07132,1.06389,1.07007,67953,0
2023-01-02,1.0695000000000001,1.07092,1.06508,1.066,17160,0
2023-01-03,1.0665,1.06836,1.05196,1.05488,87287,0
2023-01-04,1.05444,1.06353,1.05409,1.06041,86099,0
2023-01-05,1.0603,1.06314,1.05151,1.05217,80129,0
2023-01-06,1.05224,1.06481,1.04834,1.06437,78048,0
2023-01-09,1.06399,1.07606,1.06371,1.07326,75294,0
2023-01-10,1.07278,1.07594,1.0712,1.07343,73564,0
2023-01-11,1.07329,1.07764,1.07254,1.07565,63082,0
2023-01-12,1.07574,1.08669,1.07275,1.08511,86971,0
2023-01-13,1.08405,1.0868,1.07804,1.0833,75189,0
2023-01-16,1.08286,1.08742,1.08016,1.08223,52423,0
2023-01-17,1.08216,1.08694,1.07748,1.07883,76537,0
2023-01-18,1.07882,1.08876,1.07662,1.07944,93017,0
2023-01-19,1.07929,1.084,1.07825,1.0831,73715,0
2023-01-20,1.08306,1.0859,1.08024,1.08562,60032,0
2023-01-23,1.08681,1.09268,1.08462,1.08714,66997,0
2023-01-24,1.0871,1.0898,1.08352,1.08882,59121,0
2023-01-25,1.0885,1.09236,1.08572,1.09152,61066,0
2023-01-26,1.09149,1.09296,1.08507,1.08912,60790,0
2023-01-27,1.08923,1.09004,1.08379,1.08688,55319,0
2023-01-30,1.08623,1.09138,1.08393,1.08519,60379,0
2023-01-31,1.08464,1.0875,1.08022,1.08621,62433,0
2023-02-01,1.08605,1.10006,1.08524,1.09901,67393,0
2023-02-02,1.09882,1.10329,1.08854,1.09108,81138,0
2023-02-03,1.09091,1.09401,1.07926,1.0794,74526,0
2023-02-06,1.07824,1.0799,1.07095,1.07257,65147,0
2023-02-07,1.0725500000000001,1.07664,1.06692,1.07278,78294,0
2023-02-08,1.0723,1.07609,1.07094,1.07141,59117,0
2023-02-09,1.071,1.07907,1.07069,1.07386,63139,0
2023-02-10,1.07344,1.07528,1.06664,1.06772,66664,0
2023-02-13,1.06807,1.073,1.06556,1.07252,56882,0
2023-02-14,1.07178,1.08041,1.07068,1.07359,82082,0
2023-02-15,1.07355,1.07445,1.06606,1.06869,68449,0
2023-02-16,1.06875,1.07226,1.06546,1.06728,72882,0
2023-02-17,1.06705,1.06984,1.06128,1.06937,66016,0
2023-02-20,1.06851,1.07047,1.06704,1.06848,41959,0
2023-02-21,1.06855,1.06983,1.06376,1.06461,67255,0
2023-02-22,1.06421,1.06642,1.05992,1.06049,72358,0
2023-02-23,1.06032,1.06278,1.05772,1.05943,65340,0
2023-02-24,1.05944,1.06143,1.05362,1.05458,72777,0
2023-02-27,1.05429,1.06198,1.05329,1.06088,62245,0
2023-02-28,1.06091,1.06453,1.05739,1.05755,62382,0
2023-03-01,1.0575,1.06914,1.05653,1.0669,77342,0
2023-03-02,1.06653,1.06729,1.05766,1.05971,71400,0
2023-03-03,1.05954,1.06387,1.05884,1.06341,61668,0
2023-03-06,1.06239,1.06944,1.06211,1.06828,58494,0
2023-03-07,1.0679400000000001,1.06947,1.05461,1.05493,73126,0
2023-03-08,1.0549,1.05738,1.05243,1.05438,60466,0
2023-03-09,1.05439,1.05913,1.05375,1.05823,59065,0
2023-03-10,1.05778,1.07006,1.0574,1.06395,94792,0
2023-03-13,1.0681,1.07486,1.06504,1.0731600000000001,123346,0
2023-03-14,1.07304,1.07496,1.06789,1.07332,96044,0
2023-03-15,1.07326,1.07599,1.05162,1.05758,103037,0
2023-03-16,1.05769,1.06356,1.05511,1.06138,99417,0
2023-03-17,1.06082,1.06854,1.06047,1.06647,77043,0
2023-03-20,1.06884,1.07308,1.06313,1.07237,82937,0
2023-03-21,1.07181,1.07884,1.0704,1.07698,59181,0
2023-03-22,1.07662,1.09124,1.07591,1.08551,67819,0
2023-03-23,1.08555,1.093,1.08243,1.08327,74420,0
2023-03-24,1.08273,1.0838700000000001,1.07132,1.07587,78111,0
2023-03-27,1.0775,1.08,1.0745,1.07987,58303,0
2023-03-28,1.0796000000000001,1.08486,1.07939,1.0846,53393,0
2023-03-29,1.08424,1.08713,1.08178,1.08445,54477,0
2023-03-30,1.08433,1.09263,1.08236,1.09056,54487,0
2023-03-31,1.09056,1.0925799999999999,1.08369,1.08415,58800,0
2023-04-03,1.08397,1.09168,1.07882,1.09027,60406,0
2023-04-04,1.08965,1.09733,1.08828,1.09559,58401,0
2023-04-05,1.09466,1.09696,1.08912,1.09073,54867,0
2023-04-06,1.09019,1.09376,1.08846,1.09205,46818,0
2023-04-07,1.092,1.09241,1.08767,1.08986,18859,0
2023-04-10,1.08974,1.09174,1.08313,1.08605,41251,0
2023-04-11,1.08577,1.09281,1.08532,1.09131,48851,0
2023-04-12,1.09113,1.10002,1.0909,1.09915,51776,0
2023-04-13,1.09913,1.10677,1.09769,1.1047,50791,0
2023-04-14,1.10462,1.10759,1.09724,1.09942,53044,0
2023-04-17,1.09887,1.09998,1.0909200000000001,1.09275,50565,0
2023-04-18,1.09216,1.0983,1.09215,1.0973600000000001,46538,0
2023-04-19,1.09717,1.0984099999999999,1.09174,1.0956,50251,0
2023-04-20,1.09539,1.09898,1.09335,1.09706,50453,0
2023-04-21,1.0968,1.09938,1.09381,1.09894,49623,0
2023-04-24,1.09912,1.1050200000000001,1.0966,1.10463,53926,0
2023-04-25,1.10452,1.10672,1.09642,1.09739,49967,0
2023-04-26,1.09715,1.10954,1.09664,1.1039,59751,0
2023-04-27,1.10399,1.10635,1.09922,1.10289,52837,0
2023-04-28,1.10264,1.10451,1.09625,1.10165,65525,0
2023-05-01,1.10222,1.10356,1.09643,1.09764,47045,0
2023-05-02,1.09718,1.1008,1.0942,1.09992,55253,0
2023-05-03,1.09972,1.1092,1.09966,1.10623,58026,0
2023-05-04,1.10591,1.10917,1.09863,1.10122,69037,0
2023-05-05,1.1007500000000001,1.10478,1.09668,1.10185,51199,0
2023-05-08,1.10204,1.10537,1.10002,1.1004,41225,0
2023-05-09,1.10038,1.1005,1.09412,1.09615,44647,0
2023-05-10,1.096,1.1007,1.09415,1.09824,49391,0
2023-05-11,1.09813,1.09981,1.09002,1.09157,53339,0
2023-05-12,1.09154,1.09356,1.0848,1.08496,45909,0
2023-05-15,1.08562,1.0890900000000001,1.08456,1.08745,40056,0
2023-05-16,1.08735,1.09047,1.0855,1.08627,45168,0
2023-05-17,1.08605,1.0873599999999999,1.08102,1.0838700000000001,46953,0
2023-05-18,1.08391,1.08481,1.07626,1.077,44183,0
2023-05-19,1.0769,1.08288,1.07599,1.08059,51586,0
2023-05-22,1.08046,1.08314,1.07955,1.08122,47336,0
2023-05-23,1.08108,1.08206,1.07603,1.07706,48939,0
2023-05-24,1.07693,1.08012,1.0748199999999999,1.07494,53259,0
2023-05-25,1.07489,1.07568,1.07073,1.07252,51755,0
2023-05-26,1.07241,1.07588,1.07018,1.07251,48235,0
2023-05-29,1.07158,1.07435,1.07056,1.0709,22918,0
2023-05-30,1.0707,1.07466,1.06725,1.0734,50935,0
2023-05-31,1.07341,1.07358,1.06352,1.06883,54783,0
2023-06-01,1.06897,1.07685,1.06618,1.07624,52539,0
2023-06-02,1.07618,1.0779,1.07054,1.07073,47085,0
2023-06-05,1.0711,1.07223,1.06746,1.07122,42971,0
2023-06-06,1.07118,1.07328,1.0667,1.06924,42634,0
2023-06-07,1.06923,1.07397,1.06683,1.0699,44152,0
2023-06-08,1.06974,1.07871,1.0693,1.07832,45178,0
2023-06-09,1.07805,1.07852,1.0743,1.07491,40743,0
2023-06-12,1.07462,1.07901,1.07331,1.07578,39847,0
2023-06-13,1.07545,1.08236,1.07529,1.0793,50304,0
2023-06-14,1.07934,1.08641,1.07741,1.0831,51095,0
2023-06-15,1.08258,1.09527,1.08038,1.09456,52610,0
2023-06-16,1.09444,1.09708,1.09182,1.09421,48489,0
2023-06-19,1.09399,1.09462,1.09072,1.09215,35532,0
2023-06-20,1.09214,1.09462,1.08922,1.0918,49881,0
2023-06-21,1.09172,1.09908,1.09058,1.09862,53252,0
2023-06-22,1.09859,1.10123,1.09486,1.09559,51602,0
2023-06-23,1.09556,1.09587,1.08446,1.08954,54708,0
2023-06-26,1.0905,1.09202,1.08876,1.09053,44273,0
2023-06-27,1.09057,1.09768,1.09022,1.09609,50860,0
2023-06-28,1.09601,1.09627,1.0897000000000001,1.0913,50718,0
2023-06-29,1.09128,1.09413,1.08602,1.08642,52898,0
2023-06-30,1.08651,1.09318,1.08354,1.09098,51919,0
2023-07-03,1.09105,1.09337,1.08703,1.09139,44010,0
2023-07-04,1.09105,1.09164,1.08768,1.08793,28994,0
2023-07-05,1.08789,1.0908,1.0851,1.0854,45709,0
2023-07-06,1.08536,1.09006,1.08334,1.08922,58808,0
2023-07-07,1.08835,1.09733,1.08671,1.09681,54405,0
2023-07-10,1.09571,1.10013,1.09436,1.10011,48513,0
2023-07-11,1.10008,1.10271,1.09769,1.10086,47593,0
2023-07-12,1.10072,1.11403,1.10013,1.11315,58823,0
2023-07-13,1.11244,1.12279,1.11244,1.12263,57131,0
2023-07-14,1.1226,1.12448,1.12042,1.12253,56976,0
2023-07-17,1.12292,1.12489,1.12033,1.12381,45506,0
2023-07-18,1.12305,1.12757,1.12089,1.12279,60383,0
2023-07-19,1.12281,1.12401,1.11744,1.12026,59536,0
2023-07-20,1.11979,1.12292,1.11185,1.11296,56060,0
2023-07-21,1.1129,1.11449,1.11078,1.11254,51563,0
2023-07-24,1.1123,1.11469,1.10602,1.10648,56542,0
2023-07-25,1.10637,1.1087,1.10208,1.10555,48575,0
2023-07-26,1.10491,1.11068,1.10377,1.10858,60348,0
2023-07-27,1.1085,1.11498,1.09659,1.09768,72516,0
2023-07-28,1.09763,1.10474,1.09435,1.10162,74813,0
2023-07-31,1.10204,1.10458,1.09936,1.09969,58291,0
2023-08-01,1.09965,1.1003,1.09524,1.0984099999999999,53496,0
2023-08-02,1.0984099999999999,1.10191,1.09181,1.09384,66829,0
2023-08-03,1.09376,1.09629,1.09123,1.0949200000000001,65662,0
2023-08-04,1.09485,1.10418,1.0935,1.10099,62650,0
2023-08-07,1.101,1.10167,1.09654,1.10032,46949,0
2023-08-08,1.1002399999999999,1.10112,1.09291,1.09564,54197,0
2023-08-09,1.09547,1.09954,1.09497,1.09737,49271,0
2023-08-10,1.09735,1.1065,1.09674,1.09808,59424,0
2023-08-11,1.09799,1.1005,1.0943100000000001,1.09466,52391,0
2023-08-14,1.09497,1.09602,1.08748,1.09066,57885,0
2023-08-15,1.09048,1.09524,1.08967,1.09049,61884,0
2023-08-16,1.09033,1.09346,1.08716,1.08794,61764,0
2023-08-17,1.08777,1.09184,1.08564,1.08727,61322,0
2023-08-18,1.08712,1.08938,1.0845,1.08688,55506,0
2023-08-21,1.08653,1.09137,1.08634,1.08955,52012,0
2023-08-22,1.08951,1.09304,1.0833,1.08459,51302,0
2023-08-23,1.08451,1.08714,1.08026,1.08636,56008,0
2023-08-24,1.08626,1.08766,1.08051,1.08105,50932,0
2023-08-25,1.08103,1.08418,1.07658,1.07941,57514,0
2023-08-28,1.07959,1.08221,1.07934,1.08192,45436,0
2023-08-29,1.0818699999999999,1.0892,1.07824,1.08791,54121,0
2023-08-30,1.08791,1.09454,1.08551,1.09232,56030,0
2023-08-31,1.09226,1.09395,1.08351,1.08438,52868,0
2023-09-01,1.08428,1.0882,1.07722,1.07735,55083,0
2023-09-04,1.07753,1.08089,1.07712,1.07965,29273,0
2023-09-05,1.07936,1.07984,1.07064,1.0722,50135,0
2023-09-06,1.07221,1.07489,1.07024,1.0726,51756,0
2023-09-07,1.07263,1.07318,1.06862,1.06958,45696,0
2023-09-08,1.06966,1.07437,1.06941,1.07005,46525,0
2023-09-11,1.07146,1.07594,1.07081,1.07501,50768,0
2023-09-12,1.0749900000000001,1.07685,1.07056,1.07548,44395,0
2023-09-13,1.07539,1.07649,1.07112,1.07294,52979,0
2023-09-14,1.07291,1.0752,1.06319,1.06443,55825,0
2023-09-15,1.06423,1.06877,1.06329,1.0661100000000001,48577,0
2023-09-18,1.06566,1.06986,1.06548,1.06923,38717,0
2023-09-19,1.06912,1.07179,1.06752,1.06793,40701,0
2023-09-20,1.06776,1.07368,1.06502,1.06605,49970,0
2023-09-21,1.066,1.06736,1.06167,1.06612,54780,0
2023-09-22,1.06585,1.06718,1.06149,1.06459,49037,0
2023-09-25,1.0643,1.06557,1.05755,1.05921,44665,0
2023-09-26,1.05931,1.0609,1.05622,1.05719,46167,0
2023-09-27,1.05717,1.05741,1.04881,1.05031,56386,0
2023-09-28,1.05009,1.05788,1.04912,1.05661,56417,0
2023-09-29,1.05645,1.0617,1.0555,1.05732,55128,0
2023-10-02,1.05665,1.05919,1.04775,1.04775,51386,0
2023-10-03,1.04772,1.04936,1.04483,1.04662,58076,0
2023-10-04,1.04666,1.05322,1.04514,1.05039,57131,0
2023-10-05,1.05035,1.05518,1.0500099999999999,1.05509,54929,0
2023-10-06,1.05418,1.05999,1.04826,1.0584500000000001,60947,0
2023-10-09,1.05501,1.05744,1.05194,1.05665,52709,0
2023-10-10,1.05658,1.06198,1.05544,1.0605,60076,0
2023-10-11,1.06051,1.06347,1.05818,1.06191,56383,0
2023-10-12,1.06194,1.06399,1.05258,1.05282,53275,0
2023-10-13,1.05277,1.05586,1.04955,1.05089,56197,0
2023-10-16,1.05054,1.05627,1.05031,1.05594,47236,0
2023-10-17,1.05599,1.05949,1.05329,1.05762,50613,0
2023-10-18,1.05766,1.05942,1.05232,1.05364,53755,0
2023-10-19,1.05357,1.06167,1.05282,1.05821,63006,0
2023-10-20,1.05819,1.06038,1.0565,1.05948,51059,0
2023-10-23,1.05949,1.06778,1.05715,1.06684,47772,0
2023-10-24,1.06686,1.06942,1.0583,1.05909,51220,0
2023-10-25,1.05894,1.06067,1.05657,1.05661,46912,0
2023-10-26,1.05662,1.05692,1.05222,1.05629,53562,0
2023-10-27,1.0562,1.0597,1.05354,1.05659,46540,0
2023-10-30,1.05642,1.06252,1.05471,1.06154,43278,0
2023-10-31,1.06147,1.0675,1.05575,1.05756,53944,0
2023-11-01,1.0572300000000001,1.05808,1.05168,1.057,56123,0
2023-11-02,1.05696,1.06677,1.05618,1.06224,52425,0
2023-11-03,1.06203,1.07468,1.06126,1.07266,52619,0
2023-11-06,1.07234,1.07564,1.07164,1.07172,41271,0
2023-11-07,1.07172,1.07224,1.06643,1.06996,46210,0
2023-11-08,1.06992,1.07162,1.0659399999999999,1.07088,44960,0
2023-11-09,1.07071,1.07254,1.06602,1.06683,51596,0
2023-11-10,1.06661,1.06928,1.06563,1.06846,43973,0
2023-11-13,1.06828,1.07061,1.06651,1.06988,37842,0
2023-11-14,1.06981,1.08874,1.06916,1.0878700000000001,49503,0
2023-11-15,1.08774,1.08857,1.08315,1.0847,50665,0
2023-11-16,1.0847,1.08956,1.083,1.08529,47074,0
2023-11-17,1.08515,1.09142,1.0824799999999999,1.0913599999999999,48458,0
2023-11-20,1.091,1.09519,1.08976,1.09405,46961,0
2023-11-21,1.09387,1.09653,1.09002,1.09109,49495,0
2023-11-22,1.09099,1.0923,1.08532,1.08886,49723,0
2023-11-23,1.08884,1.09305,1.08818,1.09045,30489,0
2023-11-24,1.08997,1.09488,1.08951,1.09373,37019,0
2023-11-27,1.09444,1.09592,1.09251,1.09539,43759,0
2023-11-28,1.09528,1.10088,1.09345,1.09949,51912,0
2023-11-29,1.09925,1.10172,1.096,1.09691,55628,0
2023-11-30,1.09691,1.0984,1.08794,1.08887,59055,0
2023-12-01,1.08873,1.09128,1.08286,1.0884,60471,0
2023-12-04,1.08743,1.0895,1.08041,1.08362,60235,0
2023-12-05,1.08354,1.08476,1.07781,1.07977,59574,0
2023-12-06,1.07955,1.08045,1.07587,1.07642,50351,0
2023-12-07,1.0762,1.0818,1.07553,1.07932,59778,0
2023-12-08,1.07933,1.08008,1.07234,1.07617,63053,0
2023-12-11,1.07586,1.07789,1.07416,1.07646,44796,0
2023-12-12,1.07636,1.0827,1.07552,1.07945,49277,0
2023-12-13,1.07936,1.08965,1.0773,1.08753,55679,0
2023-12-14,1.08723,1.10092,1.0868,1.0991900000000001,75267,0
2023-12-15,1.09889,1.10036,1.08886,1.08939,63455,0
2023-12-18,1.08974,1.09311,1.08922,1.09241,46912,0
2023-12-19,1.092,1.09875,1.09108,1.09808,53890,0
2023-12-20,1.09805,1.09834,1.09298,1.0943,50506,0
2023-12-21,1.09371,1.10126,1.09348,1.10109,56478,0
2023-12-22,1.10109,1.10402,1.09811,1.10137,53490,0
2023-12-26,1.10017,1.1045,1.10017,1.10423,28010,0
2023-12-27,1.1041,1.11226,1.10286,1.1106,39062,0
2023-12-28,1.11045,1.11394,1.10552,1.1062400000000001,47093,0
2023-12-29,1.10605,1.10844,1.10342,1.10372,46953,0
2024-01-02,1.10435,1.10446,1.09383,1.09414,51746,0
2024-01-03,1.09421,1.09654,1.08931,1.0922,59559,0
2024-01-04,1.09203,1.09723,1.0907,1.09459,53442,0
2024-01-05,1.0944099999999999,1.09984,1.08769,1.09415,64444,0
2024-01-08,1.09326,1.09789,1.09227,1.09504,50891,0
2024-01-09,1.095,1.09664,1.09103,1.09312,53983,0
2024-01-10,1.0931,1.09732,1.0923,1.09728,46049,0
2024-01-11,1.09721,1.09976,1.09304,1.09735,62970,0
2024-01-12,1.09721,1.0987,1.09361,1.09504,54876,0
2024-01-15,1.09457,1.09674,1.09336,1.09504,33899,0
2024-01-16,1.09478,1.09509,1.08622,1.08752,64441,0
2024-01-17,1.087,1.08846,1.08446,1.0882,57618,0
2024-01-18,1.08809,1.09068,1.08467,1.08757,56215,0
2024-01-19,1.08714,1.08978,1.08585,1.0897000000000001,48302,0
2024-01-22,1.08899,1.09096,1.08801,1.08826,50101,0
2024-01-23,1.08813,1.09162,1.08217,1.08537,53028,0
2024-01-24,1.08414,1.09324,1.08414,1.08846,62859,0
2024-01-25,1.08823,1.0902,1.08218,1.08459,61615,0
2024-01-26,1.08392,1.08855,1.0813,1.08549,55768,0
2024-01-29,1.08427,1.08501,1.07959,1.08334,50176,0
2024-01-30,1.08305,1.08575,1.08119,1.08456,57203,0
2024-01-31,1.08381,1.08875,1.0795,1.08177,84180,0
2024-02-01,1.08163,1.08749,1.078,1.08722,80534,0
2024-02-02,1.08708,1.08975,1.07806,1.07877,66050,0
2024-02-05,1.07849,1.07861,1.07233,1.07425,62431,0
2024-02-06,1.07386,1.07624,1.07226,1.07542,59477,0
2024-02-07,1.07521,1.0784,1.07468,1.0773,57319,0
2024-02-08,1.07696,1.07889,1.07416,1.0778,53432,0
2024-02-09,1.07755,1.07952,1.07622,1.07854,54067,0
2024-02-12,1.07767,1.08057,1.0756000000000001,1.0771600000000001,41619,0
2024-02-13,1.07711,1.07949,1.07008,1.07091,56863,0
2024-02-14,1.07075,1.07346,1.06951,1.07276,53504,0
2024-02-15,1.07249,1.07849,1.0724,1.07722,52005,0
2024-02-16,1.0765,1.07876,1.07321,1.07763,52983,0
2024-02-19,1.0771600000000001,1.07894,1.07621,1.07775,33471,0
2024-02-20,1.07761,1.08389,1.07617,1.08078,57232,0
2024-02-21,1.08048,1.08244,1.079,1.08196,57469,0
2024-02-22,1.08128,1.08885,1.08028,1.08229,60245,0
2024-02-23,1.08158,1.08396,1.08119,1.08209,57919,0
2024-02-26,1.0831,1.08598,1.08127,1.08513,46636,0
2024-02-27,1.08464,1.0866,1.08331,1.0845,50155,0
2024-02-28,1.08424,1.0846,1.07967,1.08385,54400,0
2024-02-29,1.08329,1.0856,1.07959,1.08049,73629,0
2024-03-01,1.07983,1.08433,1.07983,1.08401,62620,0
2024-03-04,1.08273,1.08669,1.08273,1.08556,52032,0
2024-03-05,1.08531,1.08762,1.0841,1.08565,55993,0
2024-03-06,1.08533,1.09154,1.08422,1.08988,61707,0
2024-03-07,1.08937,1.09493,1.08679,1.09481,61032,0
2024-03-08,1.09464,1.09812,1.09183,1.09377,69440,0
2024-03-11,1.0942,1.09481,1.09146,1.09252,74296,0
2024-03-12,1.09186,1.09438,1.09023,1.09261,79222,0
2024-03-13,1.09247,1.09639,1.09201,1.09479,67081,0
2024-03-14,1.09473,1.09549,1.08807,1.08836,72843,0
2024-03-15,1.08814,1.08997,1.0873,1.08866,68361,0
2024-03-18,1.08903,1.09062,1.08661,1.08721,53425,0
2024-03-19,1.08705,1.08767,1.08347,1.08656,73430,0
2024-03-20,1.08586,1.09228,1.08365,1.0922,69599,0
2024-03-21,1.0919,1.09426,1.08555,1.08597,85035,0
2024-03-22,1.08554,1.08681,1.08018,1.08081,66176,0
2024-03-25,1.08074,1.08425,1.08022,1.08373,51254,0
2024-03-26,1.0836,1.08644,1.08244,1.08312,59605,0
2024-03-27,1.08304,1.08393,1.08109,1.08278,62935,0
2024-03-28,1.08255,1.08268,1.07752,1.07874,63905,0
2024-03-29,1.07869,1.08037,1.07677,1.07924,41763,0
2024-04-01,1.07857,1.07989,1.07311,1.0743,57543,0
2024-04-02,1.07423,1.07791,1.07247,1.07692,62230,0
2024-04-03,1.07692,1.08369,1.07641,1.08359,62297,0
2024-04-04,1.08338,1.08766,1.0829,1.08372,59943,0
2024-04-05,1.08322,1.0848,1.07915,1.08367,72998,0
2024-04-08,1.08357,1.08622,1.08211,1.08593,58588,0
2024-04-09,1.08539,1.08851,1.08471,1.08568,58541,0
2024-04-10,1.08555,1.08666,1.07288,1.07424,77374,0
2024-04-11,1.07401,1.07566,1.06993,1.0726,82473,0
2024-04-12,1.07227,1.07294,1.06226,1.06401,72272,0
2024-04-15,1.06328,1.06653,1.06203,1.06242,82400,0
2024-04-16,1.06225,1.06537,1.06013,1.06189,89917,0
2024-04-17,1.06129,1.06797,1.06063,1.06728,83743,0
2024-04-18,1.06721,1.06901,1.06413,1.06437,69869,0
2024-04-19,1.06421,1.0677699999999999,1.06106,1.06561,97057,0
2024-04-22,1.06481,1.06707,1.06241,1.0654,61343,0
2024-04-23,1.06518,1.07115,1.06386,1.07023,66907,0
2024-04-24,1.07003,1.07144,1.0678,1.06991,62150,0
2024-04-25,1.06943,1.07402,1.06784,1.07298,69997,0
2024-04-26,1.07274,1.0753,1.06741,1.06925,68685,0
2024-04-29,1.06864,1.07338,1.068,1.07199,77893,0
2024-04-30,1.07164,1.07354,1.06649,1.06656,71149,0
2024-05-01,1.06646,1.07328,1.06496,1.07138,67715,0
2024-05-02,1.06946,1.07303,1.06743,1.07247,75488,0
2024-05-03,1.0723799999999999,1.08128,1.07192,1.07638,76282,0
2024-05-06,1.07661,1.0790899999999999,1.07553,1.07701,48145,0
2024-05-07,1.07686,1.07875,1.0748,1.07549,52589,0
2024-05-08,1.0754,1.07576,1.07351,1.0748199999999999,46192,0
2024-05-09,1.0748,1.07846,1.0724,1.07816,50993,0
2024-05-10,1.0782,1.07902,1.07605,1.07692,49425,0
2024-05-13,1.07686,1.08069,1.07658,1.07898,51065,0
2024-05-14,1.07895,1.08257,1.07672,1.08197,47887,0
2024-05-15,1.0818699999999999,1.08862,1.08131,1.08838,58840,0
2024-05-16,1.08841,1.08951,1.08545,1.0867,54085,0
2024-05-17,1.08663,1.08786,1.08357,1.0869,44573,0
2024-05-20,1.08663,1.08846,1.08544,1.08568,44042,0
2024-05-21,1.08566,1.08749,1.08427,1.08538,48442,0
2024-05-22,1.08535,1.08637,1.08176,1.08218,52637,0
2024-05-23,1.08224,1.08611,1.08049,1.08156,66098,0
2024-05-24,1.08146,1.08579,1.08057,1.08461,52252,0
2024-05-27,1.08457,1.08674,1.08407,1.08566,32524,0
2024-05-28,1.08569,1.08891,1.08505,1.08564,55191,0
2024-05-29,1.08564,1.08595,1.07999,1.08006,59589,0
2024-05-30,1.08007,1.08452,1.07884,1.08321,60013,0
2024-05-31,1.08315,1.08824,1.08113,1.08485,66742,0
2024-06-03,1.08463,1.09046,1.08279,1.09041,65852,0
2024-06-04,1.09038,1.09162,1.08589,1.0879,70316,0
2024-06-05,1.0879,1.08919,1.08546,1.08691,58531,0
2024-06-06,1.08682,1.0902,1.0862,1.08893,59992,0
2024-06-07,1.08862,1.0902,1.07994,1.08019,71471,0
2024-06-10,1.0772599999999999,1.07817,1.07329,1.07656,63295,0
2024-06-11,1.07645,1.07736,1.07197,1.07404,63334,0
2024-06-12,1.07402,1.08524,1.07344,1.08091,81037,0
2024-06-13,1.08085,1.08165,1.07329,1.07382,71044,0
2024-06-14,1.07367,1.0745,1.06676,1.07058,82506,0
2024-06-17,1.07035,1.07379,1.06865,1.07338,72146,0
2024-06-18,1.07341,1.07615,1.07101,1.07397,65979,0
2024-06-19,1.07395,1.07535,1.07249,1.07436,46774,0
2024-06-20,1.07422,1.07488,1.0702,1.07026,64455,0
2024-06-21,1.07016,1.07206,1.06711,1.0692,67394,0
2024-06-24,1.06827,1.07465,1.06806,1.07343,64401,0
2024-06-25,1.0729,1.07443,1.06908,1.07141,60069,0
2024-06-26,1.0714,1.07181,1.06661,1.068,67572,0
2024-06-27,1.06804,1.07266,1.06772,1.07037,67354,0
2024-06-28,1.07034,1.07249,1.06855,1.07139,76014,0
2024-07-01,1.07441,1.07765,1.07198,1.074,70774,0
2024-07-02,1.07402,1.07472,1.071,1.07453,64353,0
2024-07-03,1.07437,1.08169,1.07364,1.07868,60731,0
2024-07-04,1.07834,1.08139,1.0777700000000001,1.08113,41551,0
2024-07-05,1.08106,1.08427,1.08,1.08389,58049,0
2024-07-08,1.08013,1.08451,1.08012,1.08245,57101,0
2024-07-09,1.08236,1.08335,1.08056,1.08137,53772,0
2024-07-10,1.08134,1.08307,1.08092,1.08301,50864,0
2024-07-11,1.08296,1.09,1.0824799999999999,1.08678,68194,0
2024-07-12,1.08679,1.09114,1.08598,1.09061,68531,0
2024-07-15,1.08845,1.09225,1.08825,1.08944,64882,0
2024-07-16,1.08935,1.09056,1.08716,1.08986,60251,0
2024-07-17,1.08981,1.09482,1.08942,1.09396,71072,0
2024-07-18,1.0937999999999999,1.09411,1.08937,1.08959,67711,0
2024-07-19,1.0895299999999999,1.09019,1.08757,1.08824,63113,0
2024-07-22,1.08854,1.09028,1.08732,1.08905,63163,0
2024-07-23,1.08906,1.08968,1.0844,1.0853,57561,0
2024-07-24,1.08534,1.08667,1.08258,1.08392,65321,0
2024-07-25,1.08396,1.08701,1.08284,1.08449,81341,0
2024-07-26,1.08456,1.08683,1.08421,1.08554,62347,0
2024-07-29,1.08541,1.08701,1.08029,1.08212,60260,0
2024-07-30,1.08212,1.08358,1.07983,1.0814300000000001,62240,0
2024-07-31,1.08144,1.08495,1.0802,1.08259,84799,0
2024-08-01,1.08252,1.08355,1.07776,1.07913,84280,0
2024-08-02,1.07911,1.09267,1.07818,1.09105,102558,0
2024-08-05,1.0924,1.10089,1.08928,1.09512,159667,0
2024-08-06,1.09517,1.09632,1.09038,1.09313,116893,0
2024-08-07,1.09284,1.09367,1.09055,1.09235,91018,0
2024-08-08,1.0921,1.09452,1.08816,1.09188,85956,0
2024-08-09,1.09185,1.09314,1.0909200000000001,1.09156,67346,0
2024-08-12,1.09145,1.09395,1.09101,1.09321,58132,0
2024-08-13,1.09314,1.09997,1.09139,1.09928,63665,0
2024-08-14,1.09927,1.10474,1.09822,1.10123,64863,0
2024-08-15,1.10124,1.10159,1.09497,1.09712,55438,0
2024-08-16,1.09725,1.10297,1.09662,1.10286,52824,0
2024-08-19,1.10277,1.10866,1.10219,1.1085099999999999,56600,0
2024-08-20,1.10847,1.11305,1.1072,1.113,64486,0
2024-08-21,1.11295,1.11741,1.1099,1.11499,66601,0
2024-08-22,1.11494,1.1165,1.10983,1.11113,63327,0
2024-08-23,1.1112,1.1201,1.11036,1.1192,65899,0
2024-08-26,1.11868,1.12018,1.11503,1.1161,64646,0
2024-08-27,1.11609,1.11907,1.11506,1.11842,57414,0
2024-08-28,1.11835,1.11853,1.11051,1.11199,64068,0
2024-08-29,1.11195,1.11401,1.10557,1.1078000000000001,71399,0
2024-08-30,1.10772,1.10952,1.1044,1.1048,70416,0
2024-09-02,1.10471,1.10775,1.1042,1.10723,43565,0
2024-09-03,1.10711,1.1072899999999999,1.10265,1.10435,69128,0
2024-09-04,1.10431,1.10952,1.10357,1.1083,70390,0
2024-09-05,1.10819,1.11198,1.10748,1.11106,70555,0
2024-09-06,1.11102,1.11555,1.10657,1.10858,87262,0
2024-09-09,1.10785,1.1091199999999999,1.10338,1.10349,57497,0
2024-09-10,1.10344,1.10498,1.10153,1.10191,51942,0
2024-09-11,1.10194,1.10549,1.10021,1.10111,71127,0
2024-09-12,1.10118,1.10752,1.10056,1.10746,62812,0
2024-09-13,1.10741,1.11019,1.10674,1.10744,64431,0
2024-09-16,1.1077,1.11377,1.1074,1.11326,56379,0
2024-09-17,1.11325,1.11463,1.11112,1.1114,65351,0
2024-09-18,1.11135,1.11889,1.10968,1.11176,68594,0
2024-09-19,1.11186,1.11789,1.10687,1.11615,78007,0
2024-09-20,1.11613,1.11819,1.11362,1.11629,65343,0
2024-09-23,1.11599,1.11711,1.10833,1.11107,59669,0
2024-09-24,1.11109,1.11809,1.11035,1.11797,57975,0
2024-09-25,1.11793,1.12141,1.11217,1.11325,59000,0
2024-09-26,1.11327,1.11894,1.11259,1.11766,65576,0
2024-09-27,1.11767,1.1203,1.11248,1.11632,73412,0
2024-09-30,1.11568,1.12089,1.11139,1.11349,65645,0
2024-10-01,1.11346,1.11442,1.10459,1.10676,73357,0
2024-10-02,1.10676,1.1083,1.10327,1.10453,58294,0
2024-10-03,1.10438,1.10495,1.10083,1.10297,66778,0
2024-10-04,1.10302,1.10397,1.09513,1.09745,62710,0
2024-10-07,1.09637,1.0987,1.09543,1.09742,57463,0
2024-10-08,1.0973,1.09972,1.0961,1.09804,53832,0
2024-10-09,1.09758,1.09811,1.09363,1.09399,50330,0
2024-10-10,1.09388,1.0955,1.09002,1.09372,60031,0
2024-10-11,1.09262,1.09538,1.09238,1.09366,41314,0
2024-10-14,1.0930900000000001,1.09367,1.08883,1.09088,39434,0
2024-10-15,1.09085,1.09167,1.08819,1.08914,47293,0
2024-10-16,1.089,1.09015,1.08533,1.08621,45301,0
2024-10-17,1.08617,1.08739,1.08111,1.08306,50960,0
2024-10-18,1.08311,1.08696,1.08247,1.0867499999999999,41291,0
2024-10-21,1.08605,1.08717,1.08112,1.08146,39242,0
2024-10-22,1.0815,1.08382,1.07926,1.07986,43242,0
2024-10-23,1.07978,1.08067,1.07613,1.07822,46155,0
2024-10-24,1.07812,1.08299,1.07707,1.0828,50227,0
2024-10-25,1.08272,1.08394,1.07931,1.07959,41564,0
2024-10-28,1.07931,1.08277,1.07821,1.08117,45249,0
2024-10-29,1.0812,1.08263,1.07689,1.08181,53608,0
2024-10-30,1.08179,1.08713,1.08081,1.08566,55669,0
2024-10-31,1.08558,1.08883,1.08442,1.08838,60439,0
2024-11-01,1.08832,1.09058,1.08319,1.08337,54107,0
2024-11-04,1.08785,1.09147,1.08699,1.0877,53578,0
2024-11-05,1.08761,1.09366,1.08712,1.09296,40005,0
2024-11-06,1.09286,1.09373,1.06825,1.07289,130344,0
2024-11-07,1.07249,1.08247,1.07129,1.08031,75249,0
2024-11-08,1.08038,1.08053,1.06869,1.07189,66516,0
2024-11-11,1.0702,1.0728,1.06287,1.06557,52626,0
2024-11-12,1.06502,1.06632,1.0594999999999999,1.06237,61163,0
2024-11-13,1.06207,1.06542,1.05556,1.05642,69467,0
2024-11-14,1.05625,1.05825,1.04964,1.05298,73544,0
2024-11-15,1.053,1.0593,1.05164,1.05357,70008,0
2024-11-18,1.05301,1.06072,1.05292,1.05982,56096,0
2024-11-19,1.05981,1.06008,1.05237,1.0596,67580,0
2024-11-20,1.05941,1.06098,1.05068,1.05435,53743,0
2024-11-21,1.05432,1.0555,1.04622,1.04736,61292,0
2024-11-22,1.04741,1.04979,1.03334,1.04193,71100,0
2024-11-25,1.04811,1.05303,1.04489,1.04959,71794,0
2024-11-26,1.04932,1.05448,1.04251,1.04893,79460,0
2024-11-27,1.0483,1.05877,1.04742,1.05665,69992,0
2024-11-28,1.05658,1.05698,1.05275,1.05538,44088,0
2024-11-29,1.05489,1.05973,1.05416,1.05759,70306,0
2024-12-02,1.05615,1.05704,1.04606,1.04977,80068,0
2024-12-03,1.04974,1.05351,1.04808,1.05094,63878,0
2024-12-04,1.05074,1.05442,1.04723,1.051,69809,0
2024-12-05,1.05076,1.05896,1.05039,1.05874,58073,0
2024-12-06,1.05835,1.06298,1.05423,1.05678,61119,0
2024-12-09,1.05555,1.05943,1.05322,1.05536,54284,0
2024-12-10,1.05531,1.05683,1.04985,1.05272,53675,0
2024-12-11,1.05271,1.05393,1.04802,1.0495700000000001,64471,0
2024-12-12,1.04931,1.05309,1.04638,1.04663,69557,0
2024-12-13,1.04664,1.05243,1.04531,1.05031,56891,0
2024-12-16,1.0485,1.05248,1.04746,1.05114,53594,0
2024-12-17,1.05105,1.05343,1.04793,1.04915,54610,0
2024-12-18,1.04907,1.05128,1.03437,1.03495,67200,0
2024-12-19,1.03514,1.04224,1.0344,1.03629,82619,0
2024-12-20,1.0365,1.04475,1.03431,1.04268,70410,0
2024-12-23,1.04307,1.04455,1.03842,1.04062,46329,0
2024-12-24,1.0405,1.04102,1.03836,1.03925,32554,0
2024-12-26,1.0398,1.043,1.03904,1.04229,33024,0
2024-12-27,1.0413000000000001,1.04441,1.04051,1.04229,41893,0
2024-12-30,1.04163,1.04584,1.03718,1.04064,48970,0
2024-12-31,1.04068,1.04245,1.03442,1.03527,50765,0
2025-01-02,1.03515,1.03756,1.02243,1.0267,66106,0
2025-01-03,1.02572,1.03099,1.02529,1.0308,48141,0
2025-01-06,1.03021,1.04369,1.02955,1.03897,75822,0
2025-01-07,1.03896,1.04345,1.03396,1.03398,63539,0
2025-01-08,1.03401,1.03577,1.02732,1.03191,66258,0
2025-01-09,1.03181,1.03216,1.02836,1.02994,46110,0
2025-01-10,1.02989,1.03119,1.02134,1.02424,67629,0
2025-01-13,1.02236,1.02499,1.01773,1.02424,65960,0
2025-01-14,1.02443,1.03084,1.02379,1.03077,68166,0
2025-01-15,1.03047,1.03544,1.02593,1.02902,61251,0
2025-01-16,1.02884,1.03152,1.02608,1.03019,64971,0
2025-01-17,1.02956,1.03307,1.02653,1.027,58476,0
2025-01-20,1.0275,1.04343,1.02663,1.04168,66391,0
2025-01-21,1.04156,1.04354,1.0342,1.04234,79839,0
2025-01-22,1.04247,1.04573,1.03924,1.04093,56664,0
2025-01-23,1.04083,1.04381,1.0372,1.04151,58946,0
2025-01-24,1.0415,1.05215,1.04115,1.04942,66170,0
2025-01-27,1.04597,1.05331,1.04538,1.04914,72926,0
2025-01-28,1.04915,1.04933,1.04138,1.04305,66945,0
2025-01-29,1.043,1.04437,1.03824,1.04196,67908,0
2025-01-30,1.04207,1.04677,1.03862,1.03919,65137,0
2025-01-31,1.03882,1.0434,1.03503,1.03578,79112,0
2025-02-03,1.02357,1.03499,1.02107,1.03426,112681,0
2025-02-04,1.03436,1.03877,1.02723,1.03789,72407,0
2025-02-05,1.03785,1.04427,1.03696,1.04025,66606,0
2025-02-06,1.0402,1.04056,1.03526,1.03828,58480,0
2025-02-07,1.03831,1.04094,1.03053,1.03279,67243,0
2025-02-10,1.02889,1.0336400000000001,1.02814,1.03066,51949,0
2025-02-11,1.03065,1.03816,1.02923,1.03612,49472,0
2025-02-12,1.03609,1.04298,1.0317,1.03832,69811,0
2025-02-13,1.03823,1.04665,1.03732,1.04654,76073,0
2025-02-14,1.04636,1.05144,1.04474,1.04911,59535,0
2025-02-17,1.04843,1.05065,1.04672,1.04831,39784,0
2025-02-18,1.04836,1.04863,1.04352,1.04454,52232,0
2025-02-19,1.04454,1.04614,1.04009,1.04219,55827,0
2025-02-20,1.04225,1.05035,1.04168,1.05012,54012,0
2025-02-21,1.05008,1.05057,1.04494,1.04572,56029,0
2025-02-24,1.04693,1.05283,1.04528,1.04677,66810,0
2025-02-25,1.04673,1.05193,1.04564,1.05148,63454,0
2025-02-26,1.0513,1.05288,1.04751,1.04848,64613,0
2025-02-27,1.04841,1.04926,1.03965,1.03979,65328,0
2025-02-28,1.03976,1.042,1.036,1.03739,68502,0
2025-03-03,1.03925,1.05038,1.03887,1.04878,74259,0
2025-03-04,1.0486,1.0627,1.04712,1.06251,92457,0
2025-03-05,1.06253,1.07968,1.06021,1.07892,103840,0
2025-03-06,1.07866,1.08534,1.07656,1.0783800000000001,98075,0
2025-03-07,1.07823,1.08889,1.07789,1.08321,87926,0
2025-03-10,1.08325,1.08747,1.0805,1.08354,78761,0
2025-03-11,1.0833,1.09474,1.0826,1.09193,79089,0
2025-03-12,1.0918,1.09301,1.08757,1.08871,76157,0
2025-03-13,1.0887,1.08973,1.08225,1.08514,70138,0
2025-03-14,1.08503,1.09128,1.08307,1.08802,69117,0
2025-03-17,1.08771,1.09297,1.08686,1.09214,55379,0
2025-03-18,1.09218,1.09547,1.08925,1.09447,53704,0
2025-03-19,1.09439,1.09461,1.08606,1.09025,57850,0
2025-03-20,1.0901,1.09176,1.08147,1.08533,55493,0
2025-03-21,1.08494,1.08613,1.07973,1.08124,50945,0
2025-03-24,1.08127,1.08584,1.07817,1.08008,57933,0
2025-03-25,1.08003,1.08302,1.07771,1.07913,53102,0
2025-03-26,1.07901,1.08028,1.07435,1.07525,57744,0
2025-03-27,1.07539,1.08212,1.0733,1.08018,59158,0
2025-03-28,1.08011,1.08448,1.07645,1.08306,51266,0
2025-03-31,1.08225,1.08494,1.0784,1.08149,58786,0
2025-04-01,1.08152,1.08301,1.07783,1.07924,58900,0
2025-04-02,1.07933,1.09241,1.07802,1.08603,63080,0
2025-04-03,1.0851,1.11459,1.08052,1.10511,125006,0
2025-04-04,1.10518,1.11078,1.09246,1.09636,153139,0
2025-04-07,1.08936,1.105,1.088,1.09053,166296,0
2025-04-08,1.09066,1.09918,1.08883,1.09578,119708,0
2025-04-09,1.09527,1.10951,1.09132,1.09474,170641,0
2025-04-10,1.09483,1.12416,1.09429,1.1201699999999999,134821,0
2025-04-11,1.11929,1.14736,1.11818,1.13552,166942,0
2025-04-14,1.1314,1.14246,1.1296,1.13496,108454,0
2025-04-15,1.135,1.13789,1.12642,1.12813,86596,0
2025-04-16,1.12781,1.14128,1.12781,1.13985,105472,0
2025-04-17,1.13986,1.14093,1.13353,1.13634,94108,0
2025-04-18,1.13616,1.13975,1.13586,1.13929,88636,0
2025-04-21,1.13928,1.15733,1.13799,1.15129,93913,0
2025-04-22,1.15139,1.1547399999999999,1.14175,1.14206,99560,0
2025-04-23,1.14207,1.14399,1.13081,1.13145,118131,0
2025-04-24,1.13114,1.13979,1.13095,1.13888,82444,0
2025-04-25,1.13852,1.13914,1.1316,1.13595,71464,0
2025-04-28,1.13721,1.14249,1.13294,1.14216,68222,0
2025-04-29,1.14197,1.14218,1.13702,1.13828,70923,0
2025-04-30,1.1384,1.13996,1.1317300000000001,1.13292,74435,0
2025-05-01,1.13279,1.13411,1.12659,1.129,65298,0
2025-05-02,1.12888,1.1381000000000001,1.12743,1.12994,80713,0
2025-05-05,1.13037,1.13649,1.12929,1.13144,66899,0
2025-05-06,1.13141,1.13812,1.1280000000000001,1.13685,68464,0
2025-05-07,1.13691,1.13782,1.12917,1.1301,81999,0
2025-05-08,1.12978,1.13364,1.1212,1.12279,80206,0
2025-05-09,1.12235,1.12929,1.11968,1.12497,60722,0
2025-05-12,1.1191,1.12429,1.10655,1.10859,92223,0
2025-05-13,1.10843,1.11948,1.10821,1.11849,68884,0
2025-05-14,1.11847,1.12659,1.11646,1.11714,77099,0
2025-05-15,1.117,1.1228,1.1166800000000001,1.11835,64853,0
2025-05-16,1.11866,1.12197,1.1131199999999999,1.11649,59500,0
2025-05-19,1.11755,1.12884,1.11694,1.124,70083,0
2025-05-20,1.12358,1.12857,1.12181,1.1284399999999999,63204,0
2025-05-21,1.12821,1.13629,1.12798,1.1331,73463,0
2025-05-22,1.1325,1.13449,1.12559,1.12786,75338,0
2025-05-23,1.12788,1.13755,1.12763,1.1364,70354,0
2025-05-26,1.13626,1.14188,1.13601,1.13868,44671,0
2025-05-27,1.13828,1.14073,1.13233,1.1327,61134,0
2025-05-28,1.13254,1.13451,1.12839,1.12894,63561,0
2025-05-29,1.129,1.13845,1.12107,1.13648,79022,0
2025-05-30,1.13644,1.13899,1.13127,1.1347800000000001,74262,0
2025-06-02,1.13463,1.1449799999999999,1.13382,1.14432,68336,0
2025-06-03,1.1439,1.14547,1.13642,1.13703,60114,0
2025-06-04,1.13699,1.14346,1.1357,1.1414900000000001,63020,0
2025-06-05,1.14132,1.14951,1.14046,1.1444,71868,0
2025-06-06,1.1443699999999999,1.14575,1.13717,1.13934,63251,0
2025-06-09,1.13989,1.1439300000000001,1.13866,1.14199,45077,0
2025-06-10,1.1417,1.14477,1.1373,1.14248,57296,0
2025-06-11,1.14227,1.14995,1.14054,1.14884,62425,0
2025-06-12,1.14871,1.16315,1.14815,1.15845,73826,0
2025-06-13,1.1581,1.16146,1.14889,1.15512,84122,0
2025-06-16,1.1525,1.16148,1.15211,1.15592,71360,0
2025-06-17,1.1558,1.158,1.14747,1.14799,72106,0
2025-06-18,1.14795,1.15303,1.1461000000000001,1.14832,73500,0
2025-06-19,1.14771,1.15003,1.14463,1.14965,56494,0
2025-06-20,1.14918,1.15441,1.14882,1.15212,62369,0
2025-06-23,1.14562,1.15817,1.14507,1.15783,87553,0
2025-06-24,1.1574200000000001,1.16416,1.15719,1.16084,78192,0
2025-06-25,1.1609,1.16651,1.15899,1.16596,60343,0
2025-06-26,1.16584,1.17449,1.16519,1.17013,74563,0
2025-06-27,1.17,1.17541,1.16806,1.17208,68862,0
2025-06-30,1.17279,1.1788,1.17077,1.17877,67677,0
2025-07-01,1.17868,1.18298,1.17615,1.18052,66038,0
2025-07-02,1.18056,1.1810100000000001,1.1747,1.17982,60727,0
2025-07-03,1.17983,1.1810100000000001,1.17172,1.17573,56377,0
2025-07-04,1.1756199999999999,1.17876,1.17502,1.17736,51522,0
2025-07-07,1.17771,1.17903,1.16868,1.17083,58591,0
2025-07-08,1.17076,1.17654,1.16826,1.1724999999999999,64218,0
2025-07-09,1.17243,1.17294,1.16896,1.17222,58403,0
2025-07-10,1.17173,1.17497,1.16626,1.17,54502,0
2025-07-11,1.16999,1.17141,1.16647,1.16852,64230,0
2025-07-14,1.1658,1.16977,1.16543,1.16653,56858,0
2025-07-15,1.16642,1.16928,1.15929,1.16022,59072,0
2025-07-16,1.16005,1.17215,1.15624,1.16398,77032,0
2025-07-17,1.16368,1.16425,1.15562,1.15975,57218,0
2025-07-18,1.1595,1.16719,1.15819,1.1621,55160,0
2025-07-21,1.16248,1.17168,1.16145,1.1695,54620,0
2025-07-22,1.16894,1.17605,1.1679,1.17541,52570,0
2025-07-23,1.17538,1.17751,1.17109,1.17729,66151,0
2025-07-24,1.1767,1.17887,1.17304,1.17489,63308,0
2025-07-25,1.17442,1.17608,1.17029,1.17394,61837,0
2025-07-28,1.1755200000000001,1.17704,1.15838,1.15885,72839,0
2025-07-29,1.15875,1.15994,1.15189,1.15452,71330,0
2025-07-30,1.15461,1.15728,1.14002,1.14031,76050,0
2025-07-31,1.14033,1.1461000000000001,1.13991,1.14135,72100,0
2025-08-01,1.14118,1.15971,1.13917,1.1584699999999999,93302,0
2025-08-04,1.15852,1.1595900000000001,1.15497,1.15723,79902,0
2025-08-05,1.15674,1.15878,1.15277,1.15749,68173,0
2025-08-06,1.15749,1.16687,1.156,1.16599,64387,0
2025-08-07,1.16589,1.16989,1.1611,1.16641,71552,0
2025-08-08,1.16644,1.16794,1.16287,1.16404,63865,0
2025-08-11,1.16412,1.16756,1.159,1.16158,54034,0
2025-08-12,1.16145,1.16973,1.15985,1.1673,77108,0
2025-08-13,1.1674,1.17303,1.16656,1.17044,58340,0
2025-08-14,1.17051,1.1715200000000001,1.1631,1.16482,65931,0
2025-08-15,1.16469,1.17153,1.16422,1.17025,51721,0
2025-08-18,1.17065,1.17145,1.1656,1.16609,54845,0
2025-08-19,1.16601,1.16929,1.1639,1.16465,55916,0
2025-08-20,1.16443,1.16737,1.16222,1.16502,60238,0
2025-08-21,1.16499,1.1663000000000001,1.16011,1.16059,61968,0
2025-08-22,1.16051,1.17426,1.15831,1.17217,65205,0
2025-08-25,1.17185,1.17257,1.16028,1.16193,52884,0
2025-08-26,1.16155,1.16654,1.16022,1.16404,68265,0
2025-08-27,1.16416,1.16477,1.1574,1.16371,55241,0
2025-08-28,1.16351,1.16974,1.16138,1.16821,57382,0
2025-08-29,1.16826,1.17089,1.1651,1.16866,57450,0
2025-09-01,1.16943,1.17363,1.16853,1.17109,44420,0
2025-09-02,1.17106,1.17185,1.16129,1.16411,73118,0
2025-09-03,1.16358,1.16822,1.1608,1.16606,60719,0
2025-09-04,1.1656900000000001,1.16694,1.163,1.1650800000000001,57548,0
2025-09-05,1.16488,1.17596,1.1633,1.17173,67506,0
2025-09-08,1.17113,1.17656,1.17036,1.17627,59904,0
2025-09-09,1.17628,1.17801,1.17037,1.17097,64783,0
2025-09-10,1.17071,1.17306,1.16824,1.16946,62615,0
2025-09-11,1.16941,1.17461,1.16606,1.17357,64466,0
2025-09-12,1.17334,1.17478,1.17012,1.17312,53747,0
2025-09-15,1.17256,1.1774499999999999,1.17161,1.17608,47163,0
2025-09-16,1.1758899999999999,1.18785,1.17575,1.1867,59769,0
2025-09-17,1.18652,1.19189,1.1808,1.18131,57344,0
2025-09-18,1.18123,1.18482,1.1750099999999999,1.17859,66019,0
2025-09-19,1.17789,1.17927,1.17288,1.17439,62975,0
2025-09-22,1.17403,1.18026,1.17261,1.18021,52190,0
2025-09-23,1.18029,1.18198,1.17775,1.18143,60064,0
2025-09-24,1.18133,1.18191,1.17282,1.17376,59282,0
2025-09-25,1.17374,1.1754,1.1645699999999999,1.16652,62866,0
2025-09-26,1.16652,1.17073,1.16545,1.17002,58252,0
2025-09-29,1.16984,1.17546,1.16946,1.17269,52328,0
2025-09-30,1.17262,1.17615,1.17122,1.17333,55856,0
2025-10-01,1.17328,1.17787,1.17155,1.17302,69050,0
2025-10-02,1.17248,1.17583,1.16831,1.1716,53611,0
2025-10-03,1.17116,1.17591,1.17075,1.17413,48710,0
2025-10-06,1.1718,1.17309,1.16519,1.17121,65630,0
2025-10-07,1.17044,1.17149,1.16476,1.16573,56184,0
2025-10-08,1.16565,1.16614,1.15985,1.16284,65019,0
2025-10-09,1.16131,1.16483,1.15421,1.15644,72097,0
2025-10-10,1.15642,1.16309,1.15504,1.16241,68697,0
2025-10-13,1.16101,1.16299,1.15576,1.15702,63773,0
2025-10-14,1.15678,1.1615,1.15428,1.16075,77829,0
2025-10-15,1.16058,1.16478,1.15995,1.1647,65642,0
2025-10-16,1.16465,1.16944,1.16366,1.16875,71664,0
2025-10-17,1.1687400000000001,1.17285,1.16505,1.16511,68427,0
2025-10-20,1.1662,1.16757,1.16384,1.16409,51098,0
2025-10-21,1.16411,1.16553,1.15977,1.15993,58586,0
2025-10-22,1.15992,1.16227,1.15769,1.16093,50165,0
2025-10-23,1.16099,1.16202,1.15855,1.16181,40624,0
2025-10-24,1.16183,1.16477,1.16009,1.16278,47735,0
2025-10-27,1.16332,1.16523,1.16178,1.1644,44377,0
2025-10-28,1.16443,1.16687,1.16257,1.16521,47479,0
2025-10-29,1.16503,1.16661,1.15777,1.16006,62591,0
2025-10-30,1.16001,1.16375,1.15469,1.1565,59175,0
2025-10-31,1.15651,1.1577600000000001,1.15216,1.1537600000000001,45901,0
2025-11-03,1.1528,1.15414,1.15051,1.15186,45603,0
2025-11-04,1.1519,1.15336,1.1473200000000001,1.14822,46251,0
2025-11-05,1.14815,1.14981,1.14687,1.14924,41444,0
2025-11-06,1.14918,1.15524,1.1476899999999999,1.15471,42625,0
2025-11-07,1.1547,1.15912,1.15296,1.15642,43614,0
2025-11-10,1.15547,1.15831,1.15412,1.1557,43553,0
2025-11-11,1.15555,1.16056,1.15455,1.1582,39185,0
2025-11-12,1.1582,1.15978,1.15631,1.15921,39382,0
2025-11-13,1.15926,1.1656,1.15789,1.16339,49286,0
2025-11-14,1.16321,1.16538,1.16062,1.1617899999999999,55154,0
2025-11-17,1.16143,1.16247,1.15821,1.1592,39585,0
2025-11-18,1.15912,1.16078,1.1571500000000001,1.1580300000000001,46936,0
2025-11-19,1.1580300000000001,1.15973,1.15181,1.15383,52577,0
2025-11-20,1.15365,1.155,1.14994,1.15284,55959,0
2025-11-21,1.15274,1.15526,1.14912,1.1514,57362,0
2025-11-24,1.15088,1.15506,1.1502,1.1521,39454,0
2025-11-25,1.15204,1.1586,1.15116,1.15694,50441,0
2025-11-26,1.15695,1.16008,1.15471,1.15968,57051,0
2025-11-27,1.15909,1.16136,1.15766,1.15957,32140,0
2025-11-28,1.15951,1.16076,1.15552,1.15954,83110,0
2025-12-01,1.15936,1.16519,1.15871,1.16087,54236,0
2025-12-02,1.16092,1.16261,1.15912,1.16249,40993,0
2025-12-03,1.16215,1.16776,1.16086,1.16707,43943,0
2025-12-04,1.16706,1.16819,1.16411,1.16446,43345,0
2025-12-05,1.1644,1.16717,1.1628,1.16418,43140,0
2025-12-08,1.16334,1.16721,1.16164,1.16367,54143,0
2025-12-09,1.1636199999999999,1.16573,1.16151,1.16263,49909,0
2025-12-10,1.16255,1.16998,1.16217,1.16953,57544,0
2025-12-11,1.16949,1.17628,1.16822,1.17382,57419,0
2025-12-12,1.17372,1.17499,1.17196,1.174,47551,0
2025-12-15,1.17365,1.17689,1.17241,1.17534,47005,0
2025-12-16,1.1752,1.1804000000000001,1.17344,1.1746699999999999,58451,0
2025-12-17,1.17445,1.1758,1.1703000000000001,1.17403,52901,0
2025-12-18,1.174,1.17629,1.1712500000000001,1.17234,54097,0
2025-12-19,1.17211,1.17378,1.17029,1.17071,48567,0
2025-12-22,1.17144,1.17693,1.1706,1.17616,43785,0
2025-12-23,1.17593,1.1802,1.17473,1.17927,62521,0
2025-12-24,1.17932,1.18081,1.17726,1.17768,50718,0
2025-12-26,1.17773,1.17968,1.17615,1.17696,49733,0
2025-12-29,1.1759,1.1789,1.17494,1.1772,49488,0
2025-12-30,1.17721,1.17799,1.17433,1.17476,40402,0
2025-12-31,1.17472,1.17594,1.17201,1.17456,44006,0
2026-01-02,1.1746,1.17649,1.17132,1.17194,43183,0
2026-01-05,1.1718600000000001,1.17288,1.16591,1.1721300000000001,57761,0
2026-01-06,1.17202,1.17429,1.16838,1.1688399999999999,50674,0
2026-01-07,1.16883,1.17028,1.16727,1.16755,48536,0
2026-01-08,1.16723,1.1683,1.16427,1.16582,44503,0
2026-01-09,1.1659,1.16624,1.1618,1.16321,50013,0
2026-01-12,1.16258,1.16985,1.16217,1.16662,52609,0
2026-01-13,1.16656,1.16776,1.1634,1.16426,49426,0
2026-01-14,1.16412,1.16617,1.16333,1.16452,42414,0
2026-01-15,1.1644,1.1647,1.1593,1.16094,42359,0
2026-01-16,1.16073,1.1627399999999999,1.15845,1.15983,42061,0
2026-01-19,1.15817,1.16487,1.15772,1.16454,42831,0
2026-01-20,1.16448,1.1769,1.16326,1.17262,67447,0
2026-01-21,1.17241,1.1743000000000001,1.1676199999999999,1.16872,60895,0
2026-01-22,1.16818,1.17561,1.167,1.17549,48665,0
2026-01-23,1.17543,1.18336,1.17282,1.18263,57774,0
2026-01-26,1.18637,1.19069,1.18349,1.18797,75248,0
2026-01-27,1.18794,1.20821,1.18503,1.20393,79509,0
2026-01-28,1.2037200000000001,1.20447,1.18957,1.19533,85064,0
2026-01-29,1.19535,1.19966,1.19062,1.19702,86793,0
2026-01-30,1.1970399999999999,1.19746,1.18499,1.18526,101305,0
2026-02-02,1.18496,1.18748,1.1776,1.179,95736,0
2026-02-03,1.179,1.18289,1.17793,1.18185,72015,0
2026-02-04,1.18164,1.1837900000000001,1.17905,1.18052,71349,0
2026-02-05,1.18065,1.18218,1.17747,1.17789,77400,0
2026-02-06,1.1776200000000001,1.18261,1.17656,1.18138,57258,0
2026-02-09,1.18104,1.19266,1.18089,1.19148,67795,0
2026-02-10,1.19108,1.19286,1.18868,1.18937,60060,0
2026-02-11,1.18944,1.19272,1.1833,1.18712,72057,0
2026-02-12,1.18706,1.189,1.18523,1.18707,69288,0
2026-02-13,1.18698,1.18851,1.18471,1.18681,61178,0
2026-02-16,1.18643,1.1874500000000001,1.18463,1.18514,31986,0
2026-02-17,1.18505,1.18546,1.18049,1.18534,55048,0
2026-02-18,1.18546,1.18575,1.17821,1.1783299999999999,47469,0
2026-02-19,1.17827,1.18076,1.17419,1.1771099999999999,55124,0
2026-02-20,1.17729,1.18075,1.17434,1.17823,69590,0
2026-02-23,1.17904,1.18347,1.17744,1.17845,63221,0
2026-02-24,1.17843,1.17963,1.17679,1.17884,23372,0
